"REF_DATE","GEO","DGUID","Demolitions","UOM","UOM_ID","SCALAR_FACTOR","SCALAR_ID","VECTOR","COORDINATE","VALUE","STATUS","SYMBOL","TERMINATED","DECIMALS"
"1968","Canada","","Total demolitions","Units","300","units ","0","v40785","1.1","9907","","","","0"
"1968","Newfoundland and Labrador","","Total demolitions","Units","300","units ","0","v40786","2.1","33","","","","0"
"1968","Prince Edward Island","","Total demolitions","Units","300","units ","0","v40788","3.1","0","","","","0"
"1968","Nova Scotia","","Total demolitions","Units","300","units ","0","v40789","4.1","242","","","","0"
"1968","New Brunswick","","Total demolitions","Units","300","units ","0","v40790","5.1","449","","","","0"
"1968","Quebec","","Total demolitions","Units","300","units ","0","v40791","6.1","2799","","","","0"
"1968","Ontario","","Total demolitions","Units","300","units ","0","v40792","7.1","3199","","","","0"
"1968","Manitoba","","Total demolitions","Units","300","units ","0","v40793","8.1","332","","","","0"
"1968","Saskatchewan","","Total demolitions","Units","300","units ","0","v40794","9.1","249","","","","0"
"1968","Alberta","","Total demolitions","Units","300","units ","0","v40795","10.1","1032","","","","0"
"1968","British Columbia","","Total demolitions","Units","300","units ","0","v40787","11.1","1572","","","","0"
"1968","Census metropolitan areas","","Total demolitions","Units","300","units ","0","v40796","12.1","8043","","","","0"
"1968","Calgary, Alberta","","Total demolitions","Units","300","units ","0","v40797","13.1","292","","","","0"
"1968","Edmonton, Alberta","","Total demolitions","Units","300","units ","0","v40816","15.1","623","","","","0"
"1968","Greater Sudbury, Ontario","","Total demolitions","Units","300","units ","0","v40805","31.1","62","","","","0"
"1968","Halifax, Nova Scotia","","Total demolitions","Units","300","units ","0","v40817","16.1","170","","","","0"
"1968","Hamilton, Ontario","","Total demolitions","Units","300","units ","0","v40818","17.1","249","","","","0"
"1968","Kitchener, Ontario","","Total demolitions","Units","300","units ","0","v40820","19.1","75","","","","0"
"1968","London, Ontario","","Total demolitions","Units","300","units ","0","v40821","20.1","105","","","","0"
"1968","Montréal, Quebec","","Total demolitions","Units","300","units ","0","v40822","21.1","2150","","","","0"
"1968","Ottawa-Gatineau, Quebec part, Ontario/Quebec","","Total demolitions","Units","300","units ","0","v40819","18.1","99","","","","0"
"1968","Ottawa-Gatineau, Ontario part, Ontario/Quebec","","Total demolitions","Units","300","units ","0","v40798","23.1","234","","","","0"
"1968","Québec, Quebec","","Total demolitions","Units","300","units ","0","v40799","24.1","158","","","","0"
"1968","Regina, Saskatchewan","","Total demolitions","Units","300","units ","0","v40800","25.1","48","","","","0"
"1968","St. John's, Newfoundland and Labrador","","Total demolitions","Units","300","units ","0","v40803","28.1","21","","","","0"
"1968","Saint John, New Brunswick","","Total demolitions","Units","300","units ","0","v40802","27.1","390","","","","0"
"1968","Saskatoon, Saskatchewan","","Total demolitions","Units","300","units ","0","v40804","29.1","44","","","","0"
"1968","Toronto, Ontario","","Total demolitions","Units","300","units ","0","v40807","33.1","1658","","","","0"
"1968","Vancouver, British Columbia","","Total demolitions","Units","300","units ","0","v40809","35.1","1079","","","","0"
"1968","Victoria, British Columbia","","Total demolitions","Units","300","units ","0","v40810","36.1","296","","","","0"
"1968","Windsor, Ontario","","Total demolitions","Units","300","units ","0","v40811","37.1","43","","","","0"
"1968","Winnipeg, Manitoba","","Total demolitions","Units","300","units ","0","v40812","38.1","247","","","","0"
"1968","Large urban areas","","Total demolitions","Units","300","units ","0","v40823","39.1","564","","","","0"
"1968","Brampton, Ontario","","Total demolitions","Units","300","units ","0","v40824","69.1","13","","","","0"
"1968","Brantford, Ontario","","Total demolitions","Units","300","units ","0","v40835","42.1","13","","","","0"
"1968","Chicoutimi, Quebec","","Total demolitions","Units","300","units ","0","v40846","70.1","65","","","","0"
"1968","Drummondville, Quebec","","Total demolitions","Units","300","units ","0","v40861","46.1","7","","","","0"
"1968","Fort William-Port Arthur, British Columbia","","Total demolitions","Units","300","units ","0","v40862","71.1","17","","","","0"
"1968","Guelph, Ontario","","Total demolitions","Units","300","units ","0","v40863","49.1","6","","","","0"
"1968","Kingston, Ontario","","Total demolitions","Units","300","units ","0","v40865","52.1","38","","","","0"
"1968","Moncton, New Brunswick","","Total demolitions","Units","300","units ","0","v40826","56.1","41","","","","0"
"1968","Niagara Falls, Ontario","","Total demolitions","Units","300","units ","0","v40827","72.1","27","","","","0"
"1968","Oshawa, Ontario","","Total demolitions","Units","300","units ","0","v40829","73.1","19","","","","0"
"1968","Peterborough, Ontario","","Total demolitions","Units","300","units ","0","v40830","59.1","29","","","","0"
"1968","St. Catharines, Ontario","","Total demolitions","Units","300","units ","0","v40832","74.1","42","","","","0"
"1968","Saint-Jérôme, Quebec","","Total demolitions","Units","300","units ","0","v40834","63.1","15","","","","0"
"1968","Saint-Jean-sur-Richelieu, Quebec","","Total demolitions","Units","300","units ","0","v40833","64.1","5","","","","0"
"1968","Sarnia, Ontario","","Total demolitions","Units","300","units ","0","v40836","65.1","45","","","","0"
"1968","Sault Ste. Marie, Ontario","","Total demolitions","Units","300","units ","0","v40837","66.1","15","","","","0"
"1968","Shawinigan, Quebec","","Total demolitions","Units","300","units ","0","v40838","67.1","23","","","","0"
"1968","Sherbrooke, Quebec","","Total demolitions","Units","300","units ","0","v40839","75.1","32","","","","0"
"1968","Sydney-Glace Bay, Nova Scotia","","Total demolitions","Units","300","units ","0","v40840","82.1","32","","","","0"
"1968","Timmins, Ontario","","Total demolitions","Units","300","units ","0","v40843","78.1","22","","","","0"
"1968","Trois-Rivières, Quebec","","Total demolitions","Units","300","units ","0","v40844","79.1","42","","","","0"
"1968","Valleyfield, Quebec","","Total demolitions","Units","300","units ","0","v40845","80.1","7","","","","0"
"1968","Welland, Ontario","","Total demolitions","Units","300","units ","0","v40847","81.1","9","","","","0"
"1969","Canada","","Total demolitions","Units","300","units ","0","v40785","1.1","9644","","","","0"
"1969","Newfoundland and Labrador","","Total demolitions","Units","300","units ","0","v40786","2.1","47","","","","0"
"1969","Prince Edward Island","","Total demolitions","Units","300","units ","0","v40788","3.1","13","","","","0"
"1969","Nova Scotia","","Total demolitions","Units","300","units ","0","v40789","4.1","310","","","","0"
"1969","New Brunswick","","Total demolitions","Units","300","units ","0","v40790","5.1","400","","","","0"
"1969","Quebec","","Total demolitions","Units","300","units ","0","v40791","6.1","2080","","","","0"
"1969","Ontario","","Total demolitions","Units","300","units ","0","v40792","7.1","3471","","","","0"
"1969","Manitoba","","Total demolitions","Units","300","units ","0","v40793","8.1","298","","","","0"
"1969","Saskatchewan","","Total demolitions","Units","300","units ","0","v40794","9.1","244","","","","0"
"1969","Alberta","","Total demolitions","Units","300","units ","0","v40795","10.1","874","","","","0"
"1969","British Columbia","","Total demolitions","Units","300","units ","0","v40787","11.1","1907","","","","0"
"1969","Census metropolitan areas","","Total demolitions","Units","300","units ","0","v40796","12.1","7601","","","","0"
"1969","Calgary, Alberta","","Total demolitions","Units","300","units ","0","v40797","13.1","288","","","","0"
"1969","Edmonton, Alberta","","Total demolitions","Units","300","units ","0","v40816","15.1","465","","","","0"
"1969","Greater Sudbury, Ontario","","Total demolitions","Units","300","units ","0","v40805","31.1","9","","","","0"
"1969","Halifax, Nova Scotia","","Total demolitions","Units","300","units ","0","v40817","16.1","187","","","","0"
"1969","Hamilton, Ontario","","Total demolitions","Units","300","units ","0","v40818","17.1","284","","","","0"
"1969","Kitchener, Ontario","","Total demolitions","Units","300","units ","0","v40820","19.1","102","","","","0"
"1969","London, Ontario","","Total demolitions","Units","300","units ","0","v40821","20.1","114","","","","0"
"1969","Montréal, Quebec","","Total demolitions","Units","300","units ","0","v40822","21.1","1263","","","","0"
"1969","Ottawa-Gatineau, Quebec part, Ontario/Quebec","","Total demolitions","Units","300","units ","0","v40819","18.1","37","","","","0"
"1969","Ottawa-Gatineau, Ontario part, Ontario/Quebec","","Total demolitions","Units","300","units ","0","v40798","23.1","403","","","","0"
"1969","Québec, Quebec","","Total demolitions","Units","300","units ","0","v40799","24.1","481","","","","0"
"1969","Regina, Saskatchewan","","Total demolitions","Units","300","units ","0","v40800","25.1","45","","","","0"
"1969","St. John's, Newfoundland and Labrador","","Total demolitions","Units","300","units ","0","v40803","28.1","9","","","","0"
"1969","Saint John, New Brunswick","","Total demolitions","Units","300","units ","0","v40802","27.1","283","","","","0"
"1969","Saskatoon, Saskatchewan","","Total demolitions","Units","300","units ","0","v40804","29.1","59","","","","0"
"1969","Toronto, Ontario","","Total demolitions","Units","300","units ","0","v40807","33.1","1596","","","","0"
"1969","Vancouver, British Columbia","","Total demolitions","Units","300","units ","0","v40809","35.1","1357","","","","0"
"1969","Victoria, British Columbia","","Total demolitions","Units","300","units ","0","v40810","36.1","380","","","","0"
"1969","Windsor, Ontario","","Total demolitions","Units","300","units ","0","v40811","37.1","28","","","","0"
"1969","Winnipeg, Manitoba","","Total demolitions","Units","300","units ","0","v40812","38.1","211","","","","0"
"1969","Large urban areas","","Total demolitions","Units","300","units ","0","v40823","39.1","698","","","","0"
"1969","Brampton, Ontario","","Total demolitions","Units","300","units ","0","v40824","69.1","8","","","","0"
"1969","Brantford, Ontario","","Total demolitions","Units","300","units ","0","v40835","42.1","21","","","","0"
"1969","Chicoutimi, Quebec","","Total demolitions","Units","300","units ","0","v40846","70.1","14","","","","0"
"1969","Drummondville, Quebec","","Total demolitions","Units","300","units ","0","v40861","46.1","13","","","","0"
"1969","Fort William-Port Arthur, British Columbia","","Total demolitions","Units","300","units ","0","v40862","71.1","38","","","","0"
"1969","Guelph, Ontario","","Total demolitions","Units","300","units ","0","v40863","49.1","15","","","","0"
"1969","Kingston, Ontario","","Total demolitions","Units","300","units ","0","v40865","52.1","65","","","","0"
"1969","Moncton, New Brunswick","","Total demolitions","Units","300","units ","0","v40826","56.1","62","","","","0"
"1969","Niagara Falls, Ontario","","Total demolitions","Units","300","units ","0","v40827","72.1","20","","","","0"
"1969","Oshawa, Ontario","","Total demolitions","Units","300","units ","0","v40829","73.1","47","","","","0"
"1969","Peterborough, Ontario","","Total demolitions","Units","300","units ","0","v40830","59.1","18","","","","0"
"1969","St. Catharines, Ontario","","Total demolitions","Units","300","units ","0","v40832","74.1","57","","","","0"
"1969","Saint-Jérôme, Quebec","","Total demolitions","Units","300","units ","0","v40834","63.1","36","","","","0"
"1969","Saint-Jean-sur-Richelieu, Quebec","","Total demolitions","Units","300","units ","0","v40833","64.1","8","","","","0"
"1969","Sarnia, Ontario","","Total demolitions","Units","300","units ","0","v40836","65.1","51","","","","0"
"1969","Sault Ste. Marie, Ontario","","Total demolitions","Units","300","units ","0","v40837","66.1","16","","","","0"
"1969","Shawinigan, Quebec","","Total demolitions","Units","300","units ","0","v40838","67.1","9","","","","0"
"1969","Sherbrooke, Quebec","","Total demolitions","Units","300","units ","0","v40839","75.1","20","","","","0"
"1969","Sydney-Glace Bay, Nova Scotia","","Total demolitions","Units","300","units ","0","v40840","82.1","72","","","","0"
"1969","Timmins, Ontario","","Total demolitions","Units","300","units ","0","v40843","78.1","27","","","","0"
"1969","Trois-Rivières, Quebec","","Total demolitions","Units","300","units ","0","v40844","79.1","60","","","","0"
"1969","Valleyfield, Quebec","","Total demolitions","Units","300","units ","0","v40845","80.1","12","","","","0"
"1969","Welland, Ontario","","Total demolitions","Units","300","units ","0","v40847","81.1","9","","","","0"
"1970","Canada","","Total demolitions","Units","300","units ","0","v40785","1.1","8019","","","","0"
"1970","Newfoundland and Labrador","","Total demolitions","Units","300","units ","0","v40786","2.1","41","","","","0"
"1970","Prince Edward Island","","Total demolitions","Units","300","units ","0","v40788","3.1","8","","","","0"
"1970","Nova Scotia","","Total demolitions","Units","300","units ","0","v40789","4.1","170","","","","0"
"1970","New Brunswick","","Total demolitions","Units","300","units ","0","v40790","5.1","452","","","","0"
"1970","Quebec","","Total demolitions","Units","300","units ","0","v40791","6.1","2262","","","","0"
"1970","Ontario","","Total demolitions","Units","300","units ","0","v40792","7.1","2673","","","","0"
"1970","Manitoba","","Total demolitions","Units","300","units ","0","v40793","8.1","362","","","","0"
"1970","Saskatchewan","","Total demolitions","Units","300","units ","0","v40794","9.1","254","","","","0"
"1970","Alberta","","Total demolitions","Units","300","units ","0","v40795","10.1","555","","","","0"
"1970","British Columbia","","Total demolitions","Units","300","units ","0","v40787","11.1","1242","","","","0"
"1970","Census metropolitan areas","","Total demolitions","Units","300","units ","0","v40796","12.1","5881","","","","0"
"1970","Calgary, Alberta","","Total demolitions","Units","300","units ","0","v40797","13.1","155","","","","0"
"1970","Edmonton, Alberta","","Total demolitions","Units","300","units ","0","v40816","15.1","243","","","","0"
"1970","Greater Sudbury, Ontario","","Total demolitions","Units","300","units ","0","v40805","31.1","99","","","","0"
"1970","Halifax, Nova Scotia","","Total demolitions","Units","300","units ","0","v40817","16.1","104","","","","0"
"1970","Hamilton, Ontario","","Total demolitions","Units","300","units ","0","v40818","17.1","177","","","","0"
"1970","Kitchener, Ontario","","Total demolitions","Units","300","units ","0","v40820","19.1","92","","","","0"
"1970","London, Ontario","","Total demolitions","Units","300","units ","0","v40821","20.1","45","","","","0"
"1970","Montréal, Quebec","","Total demolitions","Units","300","units ","0","v40822","21.1","1636","","","","0"
"1970","Ottawa-Gatineau, Quebec part, Ontario/Quebec","","Total demolitions","Units","300","units ","0","v40819","18.1","31","","","","0"
"1970","Ottawa-Gatineau, Ontario part, Ontario/Quebec","","Total demolitions","Units","300","units ","0","v40798","23.1","444","","","","0"
"1970","Québec, Quebec","","Total demolitions","Units","300","units ","0","v40799","24.1","124","","","","0"
"1970","Regina, Saskatchewan","","Total demolitions","Units","300","units ","0","v40800","25.1","52","","","","0"
"1970","St. John's, Newfoundland and Labrador","","Total demolitions","Units","300","units ","0","v40803","28.1","8","","","","0"
"1970","Saint John, New Brunswick","","Total demolitions","Units","300","units ","0","v40802","27.1","308","","","","0"
"1970","Saskatoon, Saskatchewan","","Total demolitions","Units","300","units ","0","v40804","29.1","30","","","","0"
"1970","Toronto, Ontario","","Total demolitions","Units","300","units ","0","v40807","33.1","1055","","","","0"
"1970","Vancouver, British Columbia","","Total demolitions","Units","300","units ","0","v40809","35.1","769","","","","0"
"1970","Victoria, British Columbia","","Total demolitions","Units","300","units ","0","v40810","36.1","190","","","","0"
"1970","Windsor, Ontario","","Total demolitions","Units","300","units ","0","v40811","37.1","28","","","","0"
"1970","Winnipeg, Manitoba","","Total demolitions","Units","300","units ","0","v40812","38.1","291","","","","0"
"1970","Large urban areas","","Total demolitions","Units","300","units ","0","v40823","39.1","560","","","","0"
"1970","Brampton, Ontario","","Total demolitions","Units","300","units ","0","v40824","69.1","13","","","","0"
"1970","Brantford, Ontario","","Total demolitions","Units","300","units ","0","v40835","42.1","32","","","","0"
"1970","Chicoutimi, Quebec","","Total demolitions","Units","300","units ","0","v40846","70.1","62","","","","0"
"1970","Drummondville, Quebec","","Total demolitions","Units","300","units ","0","v40861","46.1","2","","","","0"
"1970","Guelph, Ontario","","Total demolitions","Units","300","units ","0","v40863","49.1","14","","","","0"
"1970","Kingston, Ontario","","Total demolitions","Units","300","units ","0","v40865","52.1","22","","","","0"
"1970","Moncton, New Brunswick","","Total demolitions","Units","300","units ","0","v40826","56.1","54","","","","0"
"1970","Niagara Falls, Ontario","","Total demolitions","Units","300","units ","0","v40827","72.1","21","","","","0"
"1970","Oshawa, Ontario","","Total demolitions","Units","300","units ","0","v40829","73.1","10","","","","0"
"1970","Peterborough, Ontario","","Total demolitions","Units","300","units ","0","v40830","59.1","31","","","","0"
"1970","St. Catharines, Ontario","","Total demolitions","Units","300","units ","0","v40832","74.1","35","","","","0"
"1970","Saint-Jérôme, Quebec","","Total demolitions","Units","300","units ","0","v40834","63.1","31","","","","0"
"1970","Saint-Jean-sur-Richelieu, Quebec","","Total demolitions","Units","300","units ","0","v40833","64.1","3","","","","0"
"1970","Sarnia, Ontario","","Total demolitions","Units","300","units ","0","v40836","65.1","25","","","","0"
"1970","Sault Ste. Marie, Ontario","","Total demolitions","Units","300","units ","0","v40837","66.1","48","","","","0"
"1970","Shawinigan, Quebec","","Total demolitions","Units","300","units ","0","v40838","67.1","23","","","","0"
"1970","Sherbrooke, Quebec","","Total demolitions","Units","300","units ","0","v40839","75.1","11","","","","0"
"1970","Sydney-Glace Bay, Nova Scotia","","Total demolitions","Units","300","units ","0","v40840","82.1","30","","","","0"
"1970","Thunder Bay, Ontario","","Total demolitions","Units","300","units ","0","v40842","77.1","0","","","","0"
"1970","Timmins, Ontario","","Total demolitions","Units","300","units ","0","v40843","78.1","14","","","","0"
"1970","Trois-Rivières, Quebec","","Total demolitions","Units","300","units ","0","v40844","79.1","50","","","","0"
"1970","Valleyfield, Quebec","","Total demolitions","Units","300","units ","0","v40845","80.1","12","","","","0"
"1970","Welland, Ontario","","Total demolitions","Units","300","units ","0","v40847","81.1","17","","","","0"
"1971","Canada","","Total demolitions","Units","300","units ","0","v40785","1.1","10384","","","","0"
"1971","Newfoundland and Labrador","","Total demolitions","Units","300","units ","0","v40786","2.1","68","","","","0"
"1971","Prince Edward Island","","Total demolitions","Units","300","units ","0","v40788","3.1","0","","","","0"
"1971","Nova Scotia","","Total demolitions","Units","300","units ","0","v40789","4.1","193","","","","0"
"1971","New Brunswick","","Total demolitions","Units","300","units ","0","v40790","5.1","327","","","","0"
"1971","Quebec","","Total demolitions","Units","300","units ","0","v40791","6.1","3561","","","","0"
"1971","Ontario","","Total demolitions","Units","300","units ","0","v40792","7.1","3231","","","","0"
"1971","Manitoba","","Total demolitions","Units","300","units ","0","v40793","8.1","341","","","","0"
"1971","Saskatchewan","","Total demolitions","Units","300","units ","0","v40794","9.1","314","","","","0"
"1971","Alberta","","Total demolitions","Units","300","units ","0","v40795","10.1","763","","","","0"
"1971","British Columbia","","Total demolitions","Units","300","units ","0","v40787","11.1","1586","","","","0"
"1971","Census metropolitan areas","","Total demolitions","Units","300","units ","0","v40796","12.1","7371","","","","0"
"1971","Calgary, Alberta","","Total demolitions","Units","300","units ","0","v40797","13.1","203","","","","0"
"1971","Edmonton, Alberta","","Total demolitions","Units","300","units ","0","v40816","15.1","446","","","","0"
"1971","Greater Sudbury, Ontario","","Total demolitions","Units","300","units ","0","v40805","31.1","78","","","","0"
"1971","Halifax, Nova Scotia","","Total demolitions","Units","300","units ","0","v40817","16.1","91","","","","0"
"1971","Hamilton, Ontario","","Total demolitions","Units","300","units ","0","v40818","17.1","229","","","","0"
"1971","Kitchener, Ontario","","Total demolitions","Units","300","units ","0","v40820","19.1","80","","","","0"
"1971","London, Ontario","","Total demolitions","Units","300","units ","0","v40821","20.1","108","","","","0"
"1971","Montréal, Quebec","","Total demolitions","Units","300","units ","0","v40822","21.1","1671","","","","0"
"1971","Ottawa-Gatineau, Quebec part, Ontario/Quebec","","Total demolitions","Units","300","units ","0","v40819","18.1","808","","","","0"
"1971","Ottawa-Gatineau, Ontario part, Ontario/Quebec","","Total demolitions","Units","300","units ","0","v40798","23.1","704","","","","0"
"1971","Québec, Quebec","","Total demolitions","Units","300","units ","0","v40799","24.1","219","","","","0"
"1971","Regina, Saskatchewan","","Total demolitions","Units","300","units ","0","v40800","25.1","56","","","","0"
"1971","St. John's, Newfoundland and Labrador","","Total demolitions","Units","300","units ","0","v40803","28.1","10","","","","0"
"1971","Saint John, New Brunswick","","Total demolitions","Units","300","units ","0","v40802","27.1","199","","","","0"
"1971","Saskatoon, Saskatchewan","","Total demolitions","Units","300","units ","0","v40804","29.1","32","","","","0"
"1971","Toronto, Ontario","","Total demolitions","Units","300","units ","0","v40807","33.1","927","","","","0"
"1971","Vancouver, British Columbia","","Total demolitions","Units","300","units ","0","v40809","35.1","991","","","","0"
"1971","Victoria, British Columbia","","Total demolitions","Units","300","units ","0","v40810","36.1","253","","","","0"
"1971","Windsor, Ontario","","Total demolitions","Units","300","units ","0","v40811","37.1","68","","","","0"
"1971","Winnipeg, Manitoba","","Total demolitions","Units","300","units ","0","v40812","38.1","198","","","","0"
"1971","Large urban areas","","Total demolitions","Units","300","units ","0","v40823","39.1","933","","","","0"
"1971","Brampton, Ontario","","Total demolitions","Units","300","units ","0","v40824","69.1","20","","","","0"
"1971","Brantford, Ontario","","Total demolitions","Units","300","units ","0","v40835","42.1","24","","","","0"
"1971","Chicoutimi, Quebec","","Total demolitions","Units","300","units ","0","v40846","70.1","59","","","","0"
"1971","Drummondville, Quebec","","Total demolitions","Units","300","units ","0","v40861","46.1","5","","","","0"
"1971","Guelph, Ontario","","Total demolitions","Units","300","units ","0","v40863","49.1","13","","","","0"
"1971","Kingston, Ontario","","Total demolitions","Units","300","units ","0","v40865","52.1","31","","","","0"
"1971","Moncton, New Brunswick","","Total demolitions","Units","300","units ","0","v40826","56.1","57","","","","0"
"1971","Niagara Falls, Ontario","","Total demolitions","Units","300","units ","0","v40827","72.1","23","","","","0"
"1971","Oshawa, Ontario","","Total demolitions","Units","300","units ","0","v40829","73.1","45","","","","0"
"1971","Peterborough, Ontario","","Total demolitions","Units","300","units ","0","v40830","59.1","5","","","","0"
"1971","St. Catharines, Ontario","","Total demolitions","Units","300","units ","0","v40832","74.1","49","","","","0"
"1971","Saint-Jérôme, Quebec","","Total demolitions","Units","300","units ","0","v40834","63.1","28","","","","0"
"1971","Saint-Jean-sur-Richelieu, Quebec","","Total demolitions","Units","300","units ","0","v40833","64.1","8","","","","0"
"1971","Sarnia, Ontario","","Total demolitions","Units","300","units ","0","v40836","65.1","65","","","","0"
"1971","Sault Ste. Marie, Ontario","","Total demolitions","Units","300","units ","0","v40837","66.1","48","","","","0"
"1971","Shawinigan, Quebec","","Total demolitions","Units","300","units ","0","v40838","67.1","7","","","","0"
"1971","Sherbrooke, Quebec","","Total demolitions","Units","300","units ","0","v40839","75.1","23","","","","0"
"1971","Sydney-Glace Bay, Nova Scotia","","Total demolitions","Units","300","units ","0","v40840","82.1","59","","","","0"
"1971","Thunder Bay, Ontario","","Total demolitions","Units","300","units ","0","v40842","77.1","20","","","","0"
"1971","Timmins, Ontario","","Total demolitions","Units","300","units ","0","v40843","78.1","12","","","","0"
"1971","Trois-Rivières, Quebec","","Total demolitions","Units","300","units ","0","v40844","79.1","305","","","","0"
"1971","Valleyfield, Quebec","","Total demolitions","Units","300","units ","0","v40845","80.1","23","","","","0"
"1971","Welland, Ontario","","Total demolitions","Units","300","units ","0","v40847","81.1","4","","","","0"
"1972","Canada","","Total demolitions","Units","300","units ","0","v40785","1.1","10848","","","","0"
"1972","Newfoundland and Labrador","","Total demolitions","Units","300","units ","0","v40786","2.1","60","","","","0"
"1972","Prince Edward Island","","Total demolitions","Units","300","units ","0","v40788","3.1","1","","","","0"
"1972","Nova Scotia","","Total demolitions","Units","300","units ","0","v40789","4.1","276","","","","0"
"1972","New Brunswick","","Total demolitions","Units","300","units ","0","v40790","5.1","245","","","","0"
"1972","Quebec","","Total demolitions","Units","300","units ","0","v40791","6.1","4221","","","","0"
"1972","Ontario","","Total demolitions","Units","300","units ","0","v40792","7.1","3064","","","","0"
"1972","Manitoba","","Total demolitions","Units","300","units ","0","v40793","8.1","286","","","","0"
"1972","Saskatchewan","","Total demolitions","Units","300","units ","0","v40794","9.1","301","","","","0"
"1972","Alberta","","Total demolitions","Units","300","units ","0","v40795","10.1","823","","","","0"
"1972","British Columbia","","Total demolitions","Units","300","units ","0","v40787","11.1","1571","","","","0"
"1972","Census metropolitan areas","","Total demolitions","Units","300","units ","0","v40796","12.1","7819","","","","0"
"1972","Calgary, Alberta","","Total demolitions","Units","300","units ","0","v40797","13.1","286","","","","0"
"1972","Edmonton, Alberta","","Total demolitions","Units","300","units ","0","v40816","15.1","377","","","","0"
"1972","Greater Sudbury, Ontario","","Total demolitions","Units","300","units ","0","v40805","31.1","76","","","","0"
"1972","Halifax, Nova Scotia","","Total demolitions","Units","300","units ","0","v40817","16.1","119","","","","0"
"1972","Hamilton, Ontario","","Total demolitions","Units","300","units ","0","v40818","17.1","314","","","","0"
"1972","Kitchener, Ontario","","Total demolitions","Units","300","units ","0","v40820","19.1","163","","","","0"
"1972","London, Ontario","","Total demolitions","Units","300","units ","0","v40821","20.1","109","","","","0"
"1972","Montréal, Quebec","","Total demolitions","Units","300","units ","0","v40822","21.1","2646","","","","0"
"1972","Ottawa-Gatineau, Quebec part, Ontario/Quebec","","Total demolitions","Units","300","units ","0","v40819","18.1","273","","","","0"
"1972","Ottawa-Gatineau, Ontario part, Ontario/Quebec","","Total demolitions","Units","300","units ","0","v40798","23.1","605","","","","0"
"1972","Québec, Quebec","","Total demolitions","Units","300","units ","0","v40799","24.1","343","","","","0"
"1972","Regina, Saskatchewan","","Total demolitions","Units","300","units ","0","v40800","25.1","46","","","","0"
"1972","St. John's, Newfoundland and Labrador","","Total demolitions","Units","300","units ","0","v40803","28.1","3","","","","0"
"1972","Saint John, New Brunswick","","Total demolitions","Units","300","units ","0","v40802","27.1","110","","","","0"
"1972","Saskatoon, Saskatchewan","","Total demolitions","Units","300","units ","0","v40804","29.1","35","","","","0"
"1972","Toronto, Ontario","","Total demolitions","Units","300","units ","0","v40807","33.1","830","","","","0"
"1972","Vancouver, British Columbia","","Total demolitions","Units","300","units ","0","v40809","35.1","966","","","","0"
"1972","Victoria, British Columbia","","Total demolitions","Units","300","units ","0","v40810","36.1","244","","","","0"
"1972","Windsor, Ontario","","Total demolitions","Units","300","units ","0","v40811","37.1","77","","","","0"
"1972","Winnipeg, Manitoba","","Total demolitions","Units","300","units ","0","v40812","38.1","197","","","","0"
"1972","Large urban areas","","Total demolitions","Units","300","units ","0","v40823","39.1","1026","","","","0"
"1972","Brampton, Ontario","","Total demolitions","Units","300","units ","0","v40824","69.1","5","","","","0"
"1972","Brantford, Ontario","","Total demolitions","Units","300","units ","0","v40835","42.1","43","","","","0"
"1972","Chicoutimi, Quebec","","Total demolitions","Units","300","units ","0","v40846","70.1","102","","","","0"
"1972","Drummondville, Quebec","","Total demolitions","Units","300","units ","0","v40861","46.1","52","","","","0"
"1972","Guelph, Ontario","","Total demolitions","Units","300","units ","0","v40863","49.1","11","","","","0"
"1972","Kingston, Ontario","","Total demolitions","Units","300","units ","0","v40865","52.1","18","","","","0"
"1972","Moncton, New Brunswick","","Total demolitions","Units","300","units ","0","v40826","56.1","49","","","","0"
"1972","Niagara Falls, Ontario","","Total demolitions","Units","300","units ","0","v40827","72.1","34","","","","0"
"1972","Oshawa, Ontario","","Total demolitions","Units","300","units ","0","v40829","73.1","36","","","","0"
"1972","Peterborough, Ontario","","Total demolitions","Units","300","units ","0","v40830","59.1","10","","","","0"
"1972","St. Catharines, Ontario","","Total demolitions","Units","300","units ","0","v40832","74.1","73","","","","0"
"1972","Saint-Jérôme, Quebec","","Total demolitions","Units","300","units ","0","v40834","63.1","51","","","","0"
"1972","Saint-Jean-sur-Richelieu, Quebec","","Total demolitions","Units","300","units ","0","v40833","64.1","6","","","","0"
"1972","Sarnia, Ontario","","Total demolitions","Units","300","units ","0","v40836","65.1","38","","","","0"
"1972","Sault Ste. Marie, Ontario","","Total demolitions","Units","300","units ","0","v40837","66.1","44","","","","0"
"1972","Shawinigan, Quebec","","Total demolitions","Units","300","units ","0","v40838","67.1","2","","","","0"
"1972","Sherbrooke, Quebec","","Total demolitions","Units","300","units ","0","v40839","75.1","216","","","","0"
"1972","Sydney-Glace Bay, Nova Scotia","","Total demolitions","Units","300","units ","0","v40840","82.1","68","","","","0"
"1972","Thunder Bay, Ontario","","Total demolitions","Units","300","units ","0","v40842","77.1","0","","","","0"
"1972","Timmins, Ontario","","Total demolitions","Units","300","units ","0","v40843","78.1","26","","","","0"
"1972","Trois-Rivières, Quebec","","Total demolitions","Units","300","units ","0","v40844","79.1","129","","","","0"
"1972","Valleyfield, Quebec","","Total demolitions","Units","300","units ","0","v40845","80.1","8","","","","0"
"1972","Welland, Ontario","","Total demolitions","Units","300","units ","0","v40847","81.1","5","","","","0"
"1973","Canada","","Total demolitions","Units","300","units ","0","v40785","1.1","12376","","","","0"
"1973","Newfoundland and Labrador","","Total demolitions","Units","300","units ","0","v40786","2.1","72","","","","0"
"1973","Prince Edward Island","","Total demolitions","Units","300","units ","0","v40788","3.1","0","","","","0"
"1973","Nova Scotia","","Total demolitions","Units","300","units ","0","v40789","4.1","291","","","","0"
"1973","New Brunswick","","Total demolitions","Units","300","units ","0","v40790","5.1","301","","","","0"
"1973","Quebec","","Total demolitions","Units","300","units ","0","v40791","6.1","4429","","","","0"
"1973","Ontario","","Total demolitions","Units","300","units ","0","v40792","7.1","3381","","","","0"
"1973","Manitoba","","Total demolitions","Units","300","units ","0","v40793","8.1","368","","","","0"
"1973","Saskatchewan","","Total demolitions","Units","300","units ","0","v40794","9.1","350","","","","0"
"1973","Alberta","","Total demolitions","Units","300","units ","0","v40795","10.1","877","","","","0"
"1973","British Columbia","","Total demolitions","Units","300","units ","0","v40787","11.1","2307","","","","0"
"1973","Census metropolitan areas","","Total demolitions","Units","300","units ","0","v40796","12.1","8836","","","","0"
"1973","Calgary, Alberta","","Total demolitions","Units","300","units ","0","v40797","13.1","289","","","","0"
"1973","Edmonton, Alberta","","Total demolitions","Units","300","units ","0","v40816","15.1","373","","","","0"
"1973","Greater Sudbury, Ontario","","Total demolitions","Units","300","units ","0","v40805","31.1","60","","","","0"
"1973","Halifax, Nova Scotia","","Total demolitions","Units","300","units ","0","v40817","16.1","141","","","","0"
"1973","Hamilton, Ontario","","Total demolitions","Units","300","units ","0","v40818","17.1","267","","","","0"
"1973","Kitchener, Ontario","","Total demolitions","Units","300","units ","0","v40820","19.1","58","","","","0"
"1973","London, Ontario","","Total demolitions","Units","300","units ","0","v40821","20.1","94","","","","0"
"1973","Montréal, Quebec","","Total demolitions","Units","300","units ","0","v40822","21.1","2768","","","","0"
"1973","Ottawa-Gatineau, Quebec part, Ontario/Quebec","","Total demolitions","Units","300","units ","0","v40819","18.1","93","","","","0"
"1973","Ottawa-Gatineau, Ontario part, Ontario/Quebec","","Total demolitions","Units","300","units ","0","v40798","23.1","441","","","","0"
"1973","Québec, Quebec","","Total demolitions","Units","300","units ","0","v40799","24.1","237","","","","0"
"1973","Regina, Saskatchewan","","Total demolitions","Units","300","units ","0","v40800","25.1","72","","","","0"
"1973","St. Catharines-Niagara, Ontario","","Total demolitions","Units","300","units ","0","v40801","26.1","170","","","","0"
"1973","St. John's, Newfoundland and Labrador","","Total demolitions","Units","300","units ","0","v40803","28.1","27","","","","0"
"1973","Saguenay, Quebec","","Total demolitions","Units","300","units ","0","v40808","14.1","95","","","","0"
"1973","Saint John, New Brunswick","","Total demolitions","Units","300","units ","0","v40802","27.1","168","","","","0"
"1973","Saskatoon, Saskatchewan","","Total demolitions","Units","300","units ","0","v40804","29.1","65","","","","0"
"1973","Thunder Bay, Ontario","","Total demolitions","Units","300","units ","0","v40806","32.1","23","","","","0"
"1973","Toronto, Ontario","","Total demolitions","Units","300","units ","0","v40807","33.1","1083","","","","0"
"1973","Vancouver, British Columbia","","Total demolitions","Units","300","units ","0","v40809","35.1","1618","","","","0"
"1973","Victoria, British Columbia","","Total demolitions","Units","300","units ","0","v40810","36.1","325","","","","0"
"1973","Windsor, Ontario","","Total demolitions","Units","300","units ","0","v40811","37.1","107","","","","0"
"1973","Winnipeg, Manitoba","","Total demolitions","Units","300","units ","0","v40812","38.1","262","","","","0"
"1973","Large urban areas","","Total demolitions","Units","300","units ","0","v40823","39.1","1302","","","","0"
"1973","Brantford, Ontario","","Total demolitions","Units","300","units ","0","v40835","42.1","35","","","","0"
"1973","Cape Breton, Nova Scotia","","Total demolitions","Units","300","units ","0","v40841","68.1","60","","","","0"
"1973","Cornwall, Ontario","","Total demolitions","Units","300","units ","0","v40857","45.1","24","","","","0"
"1973","Drummondville, Quebec","","Total demolitions","Units","300","units ","0","v40861","46.1","107","","","","0"
"1973","Guelph, Ontario","","Total demolitions","Units","300","units ","0","v40863","49.1","19","","","","0"
"1973","Kamloops, British Columbia","","Total demolitions","Units","300","units ","0","v40864","50.1","32","","","","0"
"1973","Kingston, Ontario","","Total demolitions","Units","300","units ","0","v40865","52.1","30","","","","0"
"1973","Lethbridge, Alberta","","Total demolitions","Units","300","units ","0","v40825","53.1","31","","","","0"
"1973","Moncton, New Brunswick","","Total demolitions","Units","300","units ","0","v40826","56.1","38","","","","0"
"1973","North Bay, Ontario","","Total demolitions","Units","300","units ","0","v40828","58.1","27","","","","0"
"1973","Oshawa, Ontario","","Total demolitions","Units","300","units ","0","v40829","73.1","77","","","","0"
"1973","Peterborough, Ontario","","Total demolitions","Units","300","units ","0","v40830","59.1","7","","","","0"
"1973","Prince George, British Columbia","","Total demolitions","Units","300","units ","0","v40831","60.1","25","","","","0"
"1973","Saint-Jérôme, Quebec","","Total demolitions","Units","300","units ","0","v40834","63.1","30","","","","0"
"1973","Saint-Jean-sur-Richelieu, Quebec","","Total demolitions","Units","300","units ","0","v40833","64.1","18","","","","0"
"1973","Sarnia, Ontario","","Total demolitions","Units","300","units ","0","v40836","65.1","41","","","","0"
"1973","Sault Ste. Marie, Ontario","","Total demolitions","Units","300","units ","0","v40837","66.1","42","","","","0"
"1973","Shawinigan, Quebec","","Total demolitions","Units","300","units ","0","v40838","67.1","17","","","","0"
"1973","Sherbrooke, Quebec","","Total demolitions","Units","300","units ","0","v40839","75.1","35","","","","0"
"1973","Timmins, Ontario","","Total demolitions","Units","300","units ","0","v40843","78.1","73","","","","0"
"1973","Trois-Rivières, Quebec","","Total demolitions","Units","300","units ","0","v40844","79.1","516","","","","0"
"1973","Valleyfield, Quebec","","Total demolitions","Units","300","units ","0","v40845","80.1","18","","","","0"
"1974","Canada","","Total demolitions","Units","300","units ","0","v40785","1.1","12208","","","","0"
"1974","Newfoundland and Labrador","","Total demolitions","Units","300","units ","0","v40786","2.1","77","","","","0"
"1974","Prince Edward Island","","Total demolitions","Units","300","units ","0","v40788","3.1","0","","","","0"
"1974","Nova Scotia","","Total demolitions","Units","300","units ","0","v40789","4.1","221","","","","0"
"1974","New Brunswick","","Total demolitions","Units","300","units ","0","v40790","5.1","411","","","","0"
"1974","Quebec","","Total demolitions","Units","300","units ","0","v40791","6.1","4720","","","","0"
"1974","Ontario","","Total demolitions","Units","300","units ","0","v40792","7.1","3056","","","","0"
"1974","Manitoba","","Total demolitions","Units","300","units ","0","v40793","8.1","498","","","","0"
"1974","Saskatchewan","","Total demolitions","Units","300","units ","0","v40794","9.1","391","","","","0"
"1974","Alberta","","Total demolitions","Units","300","units ","0","v40795","10.1","693","","","","0"
"1974","British Columbia","","Total demolitions","Units","300","units ","0","v40787","11.1","2141","","","","0"
"1974","Census metropolitan areas","","Total demolitions","Units","300","units ","0","v40796","12.1","9334","","","","0"
"1974","Calgary, Alberta","","Total demolitions","Units","300","units ","0","v40797","13.1","178","","","","0"
"1974","Edmonton, Alberta","","Total demolitions","Units","300","units ","0","v40816","15.1","318","","","","0"
"1974","Greater Sudbury, Ontario","","Total demolitions","Units","300","units ","0","v40805","31.1","67","","","","0"
"1974","Halifax, Nova Scotia","","Total demolitions","Units","300","units ","0","v40817","16.1","98","","","","0"
"1974","Hamilton, Ontario","","Total demolitions","Units","300","units ","0","v40818","17.1","381","","","","0"
"1974","Kitchener, Ontario","","Total demolitions","Units","300","units ","0","v40820","19.1","51","","","","0"
"1974","London, Ontario","","Total demolitions","Units","300","units ","0","v40821","20.1","73","","","","0"
"1974","Montréal, Quebec","","Total demolitions","Units","300","units ","0","v40822","21.1","3168","","","","0"
"1974","Ottawa-Gatineau, Quebec part, Ontario/Quebec","","Total demolitions","Units","300","units ","0","v40819","18.1","596","","","","0"
"1974","Ottawa-Gatineau, Ontario part, Ontario/Quebec","","Total demolitions","Units","300","units ","0","v40798","23.1","315","","","","0"
"1974","Québec, Quebec","","Total demolitions","Units","300","units ","0","v40799","24.1","187","","","","0"
"1974","Regina, Saskatchewan","","Total demolitions","Units","300","units ","0","v40800","25.1","79","","","","0"
"1974","St. Catharines-Niagara, Ontario","","Total demolitions","Units","300","units ","0","v40801","26.1","152","","","","0"
"1974","St. John's, Newfoundland and Labrador","","Total demolitions","Units","300","units ","0","v40803","28.1","56","","","","0"
"1974","Saguenay, Quebec","","Total demolitions","Units","300","units ","0","v40808","14.1","43","","","","0"
"1974","Saint John, New Brunswick","","Total demolitions","Units","300","units ","0","v40802","27.1","279","","","","0"
"1974","Saskatoon, Saskatchewan","","Total demolitions","Units","300","units ","0","v40804","29.1","49","","","","0"
"1974","Thunder Bay, Ontario","","Total demolitions","Units","300","units ","0","v40806","32.1","42","","","","0"
"1974","Toronto, Ontario","","Total demolitions","Units","300","units ","0","v40807","33.1","882","","","","0"
"1974","Vancouver, British Columbia","","Total demolitions","Units","300","units ","0","v40809","35.1","1564","","","","0"
"1974","Victoria, British Columbia","","Total demolitions","Units","300","units ","0","v40810","36.1","281","","","","0"
"1974","Windsor, Ontario","","Total demolitions","Units","300","units ","0","v40811","37.1","113","","","","0"
"1974","Winnipeg, Manitoba","","Total demolitions","Units","300","units ","0","v40812","38.1","362","","","","0"
"1974","Large urban areas","","Total demolitions","Units","300","units ","0","v40823","39.1","880","","","","0"
"1974","Brantford, Ontario","","Total demolitions","Units","300","units ","0","v40835","42.1","63","","","","0"
"1974","Cape Breton, Nova Scotia","","Total demolitions","Units","300","units ","0","v40841","68.1","55","","","","0"
"1974","Cornwall, Ontario","","Total demolitions","Units","300","units ","0","v40857","45.1","10","","","","0"
"1974","Drummondville, Quebec","","Total demolitions","Units","300","units ","0","v40861","46.1","61","","","","0"
"1974","Guelph, Ontario","","Total demolitions","Units","300","units ","0","v40863","49.1","9","","","","0"
"1974","Kamloops, British Columbia","","Total demolitions","Units","300","units ","0","v40864","50.1","30","","","","0"
"1974","Kingston, Ontario","","Total demolitions","Units","300","units ","0","v40865","52.1","43","","","","0"
"1974","Lethbridge, Alberta","","Total demolitions","Units","300","units ","0","v40825","53.1","17","","","","0"
"1974","Moncton, New Brunswick","","Total demolitions","Units","300","units ","0","v40826","56.1","53","","","","0"
"1974","North Bay, Ontario","","Total demolitions","Units","300","units ","0","v40828","58.1","20","","","","0"
"1974","Oshawa, Ontario","","Total demolitions","Units","300","units ","0","v40829","73.1","82","","","","0"
"1974","Peterborough, Ontario","","Total demolitions","Units","300","units ","0","v40830","59.1","3","","","","0"
"1974","Prince George, British Columbia","","Total demolitions","Units","300","units ","0","v40831","60.1","20","","","","0"
"1974","Saint-Jérôme, Quebec","","Total demolitions","Units","300","units ","0","v40834","63.1","53","","","","0"
"1974","Saint-Jean-sur-Richelieu, Quebec","","Total demolitions","Units","300","units ","0","v40833","64.1","20","","","","0"
"1974","Sarnia, Ontario","","Total demolitions","Units","300","units ","0","v40836","65.1","34","","","","0"
"1974","Sault Ste. Marie, Ontario","","Total demolitions","Units","300","units ","0","v40837","66.1","38","","","","0"
"1974","Shawinigan, Quebec","","Total demolitions","Units","300","units ","0","v40838","67.1","2","","","","0"
"1974","Sherbrooke, Quebec","","Total demolitions","Units","300","units ","0","v40839","75.1","58","","","","0"
"1974","Timmins, Ontario","","Total demolitions","Units","300","units ","0","v40843","78.1","73","","","","0"
"1974","Trois-Rivières, Quebec","","Total demolitions","Units","300","units ","0","v40844","79.1","95","","","","0"
"1974","Valleyfield, Quebec","","Total demolitions","Units","300","units ","0","v40845","80.1","41","","","","0"
"1975","Canada","","Total demolitions","Units","300","units ","0","v40785","1.1","9389","","","","0"
"1975","Newfoundland and Labrador","","Total demolitions","Units","300","units ","0","v40786","2.1","33","","","","0"
"1975","Prince Edward Island","","Total demolitions","Units","300","units ","0","v40788","3.1","0","","","","0"
"1975","Nova Scotia","","Total demolitions","Units","300","units ","0","v40789","4.1","173","","","","0"
"1975","New Brunswick","","Total demolitions","Units","300","units ","0","v40790","5.1","299","","","","0"
"1975","Quebec","","Total demolitions","Units","300","units ","0","v40791","6.1","3010","","","","0"
"1975","Ontario","","Total demolitions","Units","300","units ","0","v40792","7.1","2830","","","","0"
"1975","Manitoba","","Total demolitions","Units","300","units ","0","v40793","8.1","459","","","","0"
"1975","Saskatchewan","","Total demolitions","Units","300","units ","0","v40794","9.1","324","","","","0"
"1975","Alberta","","Total demolitions","Units","300","units ","0","v40795","10.1","684","","","","0"
"1975","British Columbia","","Total demolitions","Units","300","units ","0","v40787","11.1","1577","","","","0"
"1975","Census metropolitan areas","","Total demolitions","Units","300","units ","0","v40796","12.1","6630","","","","0"
"1975","Calgary, Alberta","","Total demolitions","Units","300","units ","0","v40797","13.1","238","","","","0"
"1975","Edmonton, Alberta","","Total demolitions","Units","300","units ","0","v40816","15.1","242","","","","0"
"1975","Greater Sudbury, Ontario","","Total demolitions","Units","300","units ","0","v40805","31.1","68","","","","0"
"1975","Halifax, Nova Scotia","","Total demolitions","Units","300","units ","0","v40817","16.1","60","","","","0"
"1975","Hamilton, Ontario","","Total demolitions","Units","300","units ","0","v40818","17.1","401","","","","0"
"1975","Kitchener, Ontario","","Total demolitions","Units","300","units ","0","v40820","19.1","74","","","","0"
"1975","London, Ontario","","Total demolitions","Units","300","units ","0","v40821","20.1","62","","","","0"
"1975","Montréal, Quebec","","Total demolitions","Units","300","units ","0","v40822","21.1","1827","","","","0"
"1975","Ottawa-Gatineau, Quebec part, Ontario/Quebec","","Total demolitions","Units","300","units ","0","v40819","18.1","134","","","","0"
"1975","Ottawa-Gatineau, Ontario part, Ontario/Quebec","","Total demolitions","Units","300","units ","0","v40798","23.1","111","","","","0"
"1975","Québec, Quebec","","Total demolitions","Units","300","units ","0","v40799","24.1","269","","","","0"
"1975","Regina, Saskatchewan","","Total demolitions","Units","300","units ","0","v40800","25.1","106","","","","0"
"1975","St. Catharines-Niagara, Ontario","","Total demolitions","Units","300","units ","0","v40801","26.1","205","","","","0"
"1975","St. John's, Newfoundland and Labrador","","Total demolitions","Units","300","units ","0","v40803","28.1","20","","","","0"
"1975","Saguenay, Quebec","","Total demolitions","Units","300","units ","0","v40808","14.1","45","","","","0"
"1975","Saint John, New Brunswick","","Total demolitions","Units","300","units ","0","v40802","27.1","164","","","","0"
"1975","Saskatoon, Saskatchewan","","Total demolitions","Units","300","units ","0","v40804","29.1","55","","","","0"
"1975","Thunder Bay, Ontario","","Total demolitions","Units","300","units ","0","v40806","32.1","72","","","","0"
"1975","Toronto, Ontario","","Total demolitions","Units","300","units ","0","v40807","33.1","773","","","","0"
"1975","Vancouver, British Columbia","","Total demolitions","Units","300","units ","0","v40809","35.1","1070","","","","0"
"1975","Victoria, British Columbia","","Total demolitions","Units","300","units ","0","v40810","36.1","188","","","","0"
"1975","Windsor, Ontario","","Total demolitions","Units","300","units ","0","v40811","37.1","80","","","","0"
"1975","Winnipeg, Manitoba","","Total demolitions","Units","300","units ","0","v40812","38.1","366","","","","0"
"1975","Large urban areas","","Total demolitions","Units","300","units ","0","v40823","39.1","652","","","","0"
"1975","Brantford, Ontario","","Total demolitions","Units","300","units ","0","v40835","42.1","46","","","","0"
"1975","Cape Breton, Nova Scotia","","Total demolitions","Units","300","units ","0","v40841","68.1","79","","","","0"
"1975","Cornwall, Ontario","","Total demolitions","Units","300","units ","0","v40857","45.1","8","","","","0"
"1975","Drummondville, Quebec","","Total demolitions","Units","300","units ","0","v40861","46.1","20","","","","0"
"1975","Guelph, Ontario","","Total demolitions","Units","300","units ","0","v40863","49.1","11","","","","0"
"1975","Kamloops, British Columbia","","Total demolitions","Units","300","units ","0","v40864","50.1","30","","","","0"
"1975","Kingston, Ontario","","Total demolitions","Units","300","units ","0","v40865","52.1","43","","","","0"
"1975","Lethbridge, Alberta","","Total demolitions","Units","300","units ","0","v40825","53.1","13","","","","0"
"1975","Moncton, New Brunswick","","Total demolitions","Units","300","units ","0","v40826","56.1","62","","","","0"
"1975","North Bay, Ontario","","Total demolitions","Units","300","units ","0","v40828","58.1","13","","","","0"
"1975","Oshawa, Ontario","","Total demolitions","Units","300","units ","0","v40829","73.1","47","","","","0"
"1975","Peterborough, Ontario","","Total demolitions","Units","300","units ","0","v40830","59.1","7","","","","0"
"1975","Prince George, British Columbia","","Total demolitions","Units","300","units ","0","v40831","60.1","26","","","","0"
"1975","Saint-Jérôme, Quebec","","Total demolitions","Units","300","units ","0","v40834","63.1","9","","","","0"
"1975","Saint-Jean-sur-Richelieu, Quebec","","Total demolitions","Units","300","units ","0","v40833","64.1","8","","","","0"
"1975","Sarnia, Ontario","","Total demolitions","Units","300","units ","0","v40836","65.1","72","","","","0"
"1975","Sault Ste. Marie, Ontario","","Total demolitions","Units","300","units ","0","v40837","66.1","16","","","","0"
"1975","Shawinigan, Quebec","","Total demolitions","Units","300","units ","0","v40838","67.1","2","","","","0"
"1975","Sherbrooke, Quebec","","Total demolitions","Units","300","units ","0","v40839","75.1","32","","","","0"
"1975","Timmins, Ontario","","Total demolitions","Units","300","units ","0","v40843","78.1","16","","","","0"
"1975","Trois-Rivières, Quebec","","Total demolitions","Units","300","units ","0","v40844","79.1","62","","","","0"
"1975","Valleyfield, Quebec","","Total demolitions","Units","300","units ","0","v40845","80.1","30","","","","0"
"1976","Canada","","Total demolitions","Units","300","units ","0","v40785","1.1","10184","","","","0"
"1976","Newfoundland and Labrador","","Total demolitions","Units","300","units ","0","v40786","2.1","49","","","","0"
"1976","Prince Edward Island","","Total demolitions","Units","300","units ","0","v40788","3.1","1","","","","0"
"1976","Nova Scotia","","Total demolitions","Units","300","units ","0","v40789","4.1","183","","","","0"
"1976","New Brunswick","","Total demolitions","Units","300","units ","0","v40790","5.1","301","","","","0"
"1976","Quebec","","Total demolitions","Units","300","units ","0","v40791","6.1","2091","","","","0"
"1976","Ontario","","Total demolitions","Units","300","units ","0","v40792","7.1","3208","","","","0"
"1976","Manitoba","","Total demolitions","Units","300","units ","0","v40793","8.1","469","","","","0"
"1976","Saskatchewan","","Total demolitions","Units","300","units ","0","v40794","9.1","221","","","","0"
"1976","Alberta","","Total demolitions","Units","300","units ","0","v40795","10.1","1019","","","","0"
"1976","British Columbia","","Total demolitions","Units","300","units ","0","v40787","11.1","2642","","","","0"
"1976","Census metropolitan areas","","Total demolitions","Units","300","units ","0","v40796","12.1","7082","","","","0"
"1976","Calgary, Alberta","","Total demolitions","Units","300","units ","0","v40797","13.1","345","","","","0"
"1976","Edmonton, Alberta","","Total demolitions","Units","300","units ","0","v40816","15.1","333","","","","0"
"1976","Greater Sudbury, Ontario","","Total demolitions","Units","300","units ","0","v40805","31.1","42","","","","0"
"1976","Halifax, Nova Scotia","","Total demolitions","Units","300","units ","0","v40817","16.1","93","","","","0"
"1976","Hamilton, Ontario","","Total demolitions","Units","300","units ","0","v40818","17.1","424","","","","0"
"1976","Kitchener, Ontario","","Total demolitions","Units","300","units ","0","v40820","19.1","80","","","","0"
"1976","London, Ontario","","Total demolitions","Units","300","units ","0","v40821","20.1","114","","","","0"
"1976","Montréal, Quebec","","Total demolitions","Units","300","units ","0","v40822","21.1","1298","","","","0"
"1976","Ottawa-Gatineau, Quebec part, Ontario/Quebec","","Total demolitions","Units","300","units ","0","v40819","18.1","43","","","","0"
"1976","Ottawa-Gatineau, Ontario part, Ontario/Quebec","","Total demolitions","Units","300","units ","0","v40798","23.1","191","","","","0"
"1976","Québec, Quebec","","Total demolitions","Units","300","units ","0","v40799","24.1","95","","","","0"
"1976","Regina, Saskatchewan","","Total demolitions","Units","300","units ","0","v40800","25.1","29","","","","0"
"1976","St. Catharines-Niagara, Ontario","","Total demolitions","Units","300","units ","0","v40801","26.1","200","","","","0"
"1976","St. John's, Newfoundland and Labrador","","Total demolitions","Units","300","units ","0","v40803","28.1","17","","","","0"
"1976","Saguenay, Quebec","","Total demolitions","Units","300","units ","0","v40808","14.1","29","","","","0"
"1976","Saint John, New Brunswick","","Total demolitions","Units","300","units ","0","v40802","27.1","138","","","","0"
"1976","Saskatoon, Saskatchewan","","Total demolitions","Units","300","units ","0","v40804","29.1","41","","","","0"
"1976","Thunder Bay, Ontario","","Total demolitions","Units","300","units ","0","v40806","32.1","74","","","","0"
"1976","Toronto, Ontario","","Total demolitions","Units","300","units ","0","v40807","33.1","839","","","","0"
"1976","Vancouver, British Columbia","","Total demolitions","Units","300","units ","0","v40809","35.1","1509","","","","0"
"1976","Victoria, British Columbia","","Total demolitions","Units","300","units ","0","v40810","36.1","655","","","","0"
"1976","Windsor, Ontario","","Total demolitions","Units","300","units ","0","v40811","37.1","111","","","","0"
"1976","Winnipeg, Manitoba","","Total demolitions","Units","300","units ","0","v40812","38.1","382","","","","0"
"1976","Large urban areas","","Total demolitions","Units","300","units ","0","v40823","39.1","819","","","","0"
"1976","Brantford, Ontario","","Total demolitions","Units","300","units ","0","v40835","42.1","53","","","","0"
"1976","Cape Breton, Nova Scotia","","Total demolitions","Units","300","units ","0","v40841","68.1","49","","","","0"
"1976","Cornwall, Ontario","","Total demolitions","Units","300","units ","0","v40857","45.1","9","","","","0"
"1976","Drummondville, Quebec","","Total demolitions","Units","300","units ","0","v40861","46.1","33","","","","0"
"1976","Guelph, Ontario","","Total demolitions","Units","300","units ","0","v40863","49.1","14","","","","0"
"1976","Kamloops, British Columbia","","Total demolitions","Units","300","units ","0","v40864","50.1","30","","","","0"
"1976","Kingston, Ontario","","Total demolitions","Units","300","units ","0","v40865","52.1","36","","","","0"
"1976","Lethbridge, Alberta","","Total demolitions","Units","300","units ","0","v40825","53.1","41","","","","0"
"1976","Moncton, New Brunswick","","Total demolitions","Units","300","units ","0","v40826","56.1","74","","","","0"
"1976","North Bay, Ontario","","Total demolitions","Units","300","units ","0","v40828","58.1","27","","","","0"
"1976","Oshawa, Ontario","","Total demolitions","Units","300","units ","0","v40829","73.1","70","","","","0"
"1976","Peterborough, Ontario","","Total demolitions","Units","300","units ","0","v40830","59.1","6","","","","0"
"1976","Prince George, British Columbia","","Total demolitions","Units","300","units ","0","v40831","60.1","17","","","","0"
"1976","Saint-Jérôme, Quebec","","Total demolitions","Units","300","units ","0","v40834","63.1","19","","","","0"
"1976","Saint-Jean-sur-Richelieu, Quebec","","Total demolitions","Units","300","units ","0","v40833","64.1","8","","","","0"
"1976","Sarnia, Ontario","","Total demolitions","Units","300","units ","0","v40836","65.1","54","","","","0"
"1976","Sault Ste. Marie, Ontario","","Total demolitions","Units","300","units ","0","v40837","66.1","12","","","","0"
"1976","Shawinigan, Quebec","","Total demolitions","Units","300","units ","0","v40838","67.1","13","","","","0"
"1976","Sherbrooke, Quebec","","Total demolitions","Units","300","units ","0","v40839","75.1","80","","","","0"
"1976","Timmins, Ontario","","Total demolitions","Units","300","units ","0","v40843","78.1","54","","","","0"
"1976","Trois-Rivières, Quebec","","Total demolitions","Units","300","units ","0","v40844","79.1","82","","","","0"
"1976","Valleyfield, Quebec","","Total demolitions","Units","300","units ","0","v40845","80.1","38","","","","0"
"1977","Canada","","Total demolitions","Units","300","units ","0","v40785","1.1","10120","","","","0"
"1977","Newfoundland and Labrador","","Total demolitions","Units","300","units ","0","v40786","2.1","71","","","","0"
"1977","Prince Edward Island","","Total demolitions","Units","300","units ","0","v40788","3.1","1","","","","0"
"1977","Nova Scotia","","Total demolitions","Units","300","units ","0","v40789","4.1","283","","","","0"
"1977","New Brunswick","","Total demolitions","Units","300","units ","0","v40790","5.1","479","","","","0"
"1977","Quebec","","Total demolitions","Units","300","units ","0","v40791","6.1","1894","","","","0"
"1977","Ontario","","Total demolitions","Units","300","units ","0","v40792","7.1","3107","","","","0"
"1977","Manitoba","","Total demolitions","Units","300","units ","0","v40793","8.1","482","","","","0"
"1977","Saskatchewan","","Total demolitions","Units","300","units ","0","v40794","9.1","417","","","","0"
"1977","Alberta","","Total demolitions","Units","300","units ","0","v40795","10.1","1243","","","","0"
"1977","British Columbia","","Total demolitions","Units","300","units ","0","v40787","11.1","2143","","","","0"
"1977","Census metropolitan areas","","Total demolitions","Units","300","units ","0","v40796","12.1","6870","","","","0"
"1977","Calgary, Alberta","","Total demolitions","Units","300","units ","0","v40797","13.1","406","","","","0"
"1977","Edmonton, Alberta","","Total demolitions","Units","300","units ","0","v40816","15.1","408","","","","0"
"1977","Greater Sudbury, Ontario","","Total demolitions","Units","300","units ","0","v40805","31.1","41","","","","0"
"1977","Halifax, Nova Scotia","","Total demolitions","Units","300","units ","0","v40817","16.1","149","","","","0"
"1977","Hamilton, Ontario","","Total demolitions","Units","300","units ","0","v40818","17.1","264","","","","0"
"1977","Kitchener, Ontario","","Total demolitions","Units","300","units ","0","v40820","19.1","80","","","","0"
"1977","London, Ontario","","Total demolitions","Units","300","units ","0","v40821","20.1","45","","","","0"
"1977","Montréal, Quebec","","Total demolitions","Units","300","units ","0","v40822","21.1","1115","","","","0"
"1977","Oshawa, Ontario","","Total demolitions","Units","300","units ","0","v40813","22.1","103","","","","0"
"1977","Ottawa-Gatineau, Quebec part, Ontario/Quebec","","Total demolitions","Units","300","units ","0","v40819","18.1","28","","","","0"
"1977","Ottawa-Gatineau, Ontario part, Ontario/Quebec","","Total demolitions","Units","300","units ","0","v40798","23.1","186","","","","0"
"1977","Québec, Quebec","","Total demolitions","Units","300","units ","0","v40799","24.1","156","","","","0"
"1977","Regina, Saskatchewan","","Total demolitions","Units","300","units ","0","v40800","25.1","92","","","","0"
"1977","St. Catharines-Niagara, Ontario","","Total demolitions","Units","300","units ","0","v40801","26.1","239","","","","0"
"1977","St. John's, Newfoundland and Labrador","","Total demolitions","Units","300","units ","0","v40803","28.1","22","","","","0"
"1977","Saguenay, Quebec","","Total demolitions","Units","300","units ","0","v40808","14.1","24","","","","0"
"1977","Saint John, New Brunswick","","Total demolitions","Units","300","units ","0","v40802","27.1","245","","","","0"
"1977","Saskatoon, Saskatchewan","","Total demolitions","Units","300","units ","0","v40804","29.1","147","","","","0"
"1977","Thunder Bay, Ontario","","Total demolitions","Units","300","units ","0","v40806","32.1","97","","","","0"
"1977","Toronto, Ontario","","Total demolitions","Units","300","units ","0","v40807","33.1","780","","","","0"
"1977","Vancouver, British Columbia","","Total demolitions","Units","300","units ","0","v40809","35.1","1477","","","","0"
"1977","Victoria, British Columbia","","Total demolitions","Units","300","units ","0","v40810","36.1","229","","","","0"
"1977","Windsor, Ontario","","Total demolitions","Units","300","units ","0","v40811","37.1","139","","","","0"
"1977","Winnipeg, Manitoba","","Total demolitions","Units","300","units ","0","v40812","38.1","398","","","","0"
"1977","Large urban areas","","Total demolitions","Units","300","units ","0","v40823","39.1","672","","","","0"
"1977","Brantford, Ontario","","Total demolitions","Units","300","units ","0","v40835","42.1","53","","","","0"
"1977","Cape Breton, Nova Scotia","","Total demolitions","Units","300","units ","0","v40841","68.1","68","","","","0"
"1977","Cornwall, Ontario","","Total demolitions","Units","300","units ","0","v40857","45.1","15","","","","0"
"1977","Drummondville, Quebec","","Total demolitions","Units","300","units ","0","v40861","46.1","8","","","","0"
"1977","Guelph, Ontario","","Total demolitions","Units","300","units ","0","v40863","49.1","15","","","","0"
"1977","Kamloops, British Columbia","","Total demolitions","Units","300","units ","0","v40864","50.1","25","","","","0"
"1977","Kelowna, British Columbia","","Total demolitions","Units","300","units ","0","v40848","51.1","7","","","","0"
"1977","Kingston, Ontario","","Total demolitions","Units","300","units ","0","v40865","52.1","30","","","","0"
"1977","Lethbridge, Alberta","","Total demolitions","Units","300","units ","0","v40825","53.1","28","","","","0"
"1977","Moncton, New Brunswick","","Total demolitions","Units","300","units ","0","v40826","56.1","106","","","","0"
"1977","North Bay, Ontario","","Total demolitions","Units","300","units ","0","v40828","58.1","17","","","","0"
"1977","Peterborough, Ontario","","Total demolitions","Units","300","units ","0","v40830","59.1","7","","","","0"
"1977","Prince George, British Columbia","","Total demolitions","Units","300","units ","0","v40831","60.1","14","","","","0"
"1977","Saint-Jérôme, Quebec","","Total demolitions","Units","300","units ","0","v40834","63.1","14","","","","0"
"1977","Saint-Jean-sur-Richelieu, Quebec","","Total demolitions","Units","300","units ","0","v40833","64.1","3","","","","0"
"1977","Sarnia, Ontario","","Total demolitions","Units","300","units ","0","v40836","65.1","107","","","","0"
"1977","Sault Ste. Marie, Ontario","","Total demolitions","Units","300","units ","0","v40837","66.1","3","","","","0"
"1977","Shawinigan, Quebec","","Total demolitions","Units","300","units ","0","v40838","67.1","12","","","","0"
"1977","Sherbrooke, Quebec","","Total demolitions","Units","300","units ","0","v40839","75.1","55","","","","0"
"1977","Timmins, Ontario","","Total demolitions","Units","300","units ","0","v40843","78.1","22","","","","0"
"1977","Trois-Rivières, Quebec","","Total demolitions","Units","300","units ","0","v40844","79.1","43","","","","0"
"1977","Valleyfield, Quebec","","Total demolitions","Units","300","units ","0","v40845","80.1","20","","","","0"
"1978","Canada","","Total demolitions","Units","300","units ","0","v40785","1.1","10713","","","","0"
"1978","Newfoundland and Labrador","","Total demolitions","Units","300","units ","0","v40786","2.1","49","","","","0"
"1978","Prince Edward Island","","Total demolitions","Units","300","units ","0","v40788","3.1","19","","","","0"
"1978","Nova Scotia","","Total demolitions","Units","300","units ","0","v40789","4.1","246","","","","0"
"1978","New Brunswick","","Total demolitions","Units","300","units ","0","v40790","5.1","342","","","","0"
"1978","Quebec","","Total demolitions","Units","300","units ","0","v40791","6.1","2039","","","","0"
"1978","Ontario","","Total demolitions","Units","300","units ","0","v40792","7.1","3442","","","","0"
"1978","Manitoba","","Total demolitions","Units","300","units ","0","v40793","8.1","466","","","","0"
"1978","Saskatchewan","","Total demolitions","Units","300","units ","0","v40794","9.1","429","","","","0"
"1978","Alberta","","Total demolitions","Units","300","units ","0","v40795","10.1","1668","","","","0"
"1978","British Columbia","","Total demolitions","Units","300","units ","0","v40787","11.1","2013","","","","0"
"1978","Census metropolitan areas","","Total demolitions","Units","300","units ","0","v40796","12.1","7145","","","","0"
"1978","Calgary, Alberta","","Total demolitions","Units","300","units ","0","v40797","13.1","660","","","","0"
"1978","Edmonton, Alberta","","Total demolitions","Units","300","units ","0","v40816","15.1","509","","","","0"
"1978","Greater Sudbury, Ontario","","Total demolitions","Units","300","units ","0","v40805","31.1","37","","","","0"
"1978","Halifax, Nova Scotia","","Total demolitions","Units","300","units ","0","v40817","16.1","114","","","","0"
"1978","Hamilton, Ontario","","Total demolitions","Units","300","units ","0","v40818","17.1","275","","","","0"
"1978","Kitchener, Ontario","","Total demolitions","Units","300","units ","0","v40820","19.1","176","","","","0"
"1978","London, Ontario","","Total demolitions","Units","300","units ","0","v40821","20.1","11","","","","0"
"1978","Montréal, Quebec","","Total demolitions","Units","300","units ","0","v40822","21.1","982","","","","0"
"1978","Oshawa, Ontario","","Total demolitions","Units","300","units ","0","v40813","22.1","115","","","","0"
"1978","Ottawa-Gatineau, Quebec part, Ontario/Quebec","","Total demolitions","Units","300","units ","0","v40819","18.1","123","","","","0"
"1978","Ottawa-Gatineau, Ontario part, Ontario/Quebec","","Total demolitions","Units","300","units ","0","v40798","23.1","194","","","","0"
"1978","Québec, Quebec","","Total demolitions","Units","300","units ","0","v40799","24.1","143","","","","0"
"1978","Regina, Saskatchewan","","Total demolitions","Units","300","units ","0","v40800","25.1","133","","","","0"
"1978","St. Catharines-Niagara, Ontario","","Total demolitions","Units","300","units ","0","v40801","26.1","290","","","","0"
"1978","St. John's, Newfoundland and Labrador","","Total demolitions","Units","300","units ","0","v40803","28.1","20","","","","0"
"1978","Saguenay, Quebec","","Total demolitions","Units","300","units ","0","v40808","14.1","52","","","","0"
"1978","Saint John, New Brunswick","","Total demolitions","Units","300","units ","0","v40802","27.1","153","","","","0"
"1978","Saskatoon, Saskatchewan","","Total demolitions","Units","300","units ","0","v40804","29.1","92","","","","0"
"1978","Thunder Bay, Ontario","","Total demolitions","Units","300","units ","0","v40806","32.1","104","","","","0"
"1978","Toronto, Ontario","","Total demolitions","Units","300","units ","0","v40807","33.1","856","","","","0"
"1978","Vancouver, British Columbia","","Total demolitions","Units","300","units ","0","v40809","35.1","1483","","","","0"
"1978","Victoria, British Columbia","","Total demolitions","Units","300","units ","0","v40810","36.1","114","","","","0"
"1978","Windsor, Ontario","","Total demolitions","Units","300","units ","0","v40811","37.1","156","","","","0"
"1978","Winnipeg, Manitoba","","Total demolitions","Units","300","units ","0","v40812","38.1","353","","","","0"
"1978","Large urban areas","","Total demolitions","Units","300","units ","0","v40823","39.1","742","","","","0"
"1978","Brantford, Ontario","","Total demolitions","Units","300","units ","0","v40835","42.1","55","","","","0"
"1978","Cape Breton, Nova Scotia","","Total demolitions","Units","300","units ","0","v40841","68.1","61","","","","0"
"1978","Cornwall, Ontario","","Total demolitions","Units","300","units ","0","v40857","45.1","33","","","","0"
"1978","Drummondville, Quebec","","Total demolitions","Units","300","units ","0","v40861","46.1","19","","","","0"
"1978","Guelph, Ontario","","Total demolitions","Units","300","units ","0","v40863","49.1","13","","","","0"
"1978","Kamloops, British Columbia","","Total demolitions","Units","300","units ","0","v40864","50.1","13","","","","0"
"1978","Kelowna, British Columbia","","Total demolitions","Units","300","units ","0","v40848","51.1","69","","","","0"
"1978","Kingston, Ontario","","Total demolitions","Units","300","units ","0","v40865","52.1","45","","","","0"
"1978","Lethbridge, Alberta","","Total demolitions","Units","300","units ","0","v40825","53.1","27","","","","0"
"1978","Moncton, New Brunswick","","Total demolitions","Units","300","units ","0","v40826","56.1","69","","","","0"
"1978","North Bay, Ontario","","Total demolitions","Units","300","units ","0","v40828","58.1","18","","","","0"
"1978","Peterborough, Ontario","","Total demolitions","Units","300","units ","0","v40830","59.1","3","","","","0"
"1978","Prince George, British Columbia","","Total demolitions","Units","300","units ","0","v40831","60.1","20","","","","0"
"1978","Saint-Jérôme, Quebec","","Total demolitions","Units","300","units ","0","v40834","63.1","5","","","","0"
"1978","Saint-Jean-sur-Richelieu, Quebec","","Total demolitions","Units","300","units ","0","v40833","64.1","4","","","","0"
"1978","Sarnia, Ontario","","Total demolitions","Units","300","units ","0","v40836","65.1","57","","","","0"
"1978","Sault Ste. Marie, Ontario","","Total demolitions","Units","300","units ","0","v40837","66.1","8","","","","0"
"1978","Shawinigan, Quebec","","Total demolitions","Units","300","units ","0","v40838","67.1","40","","","","0"
"1978","Sherbrooke, Quebec","","Total demolitions","Units","300","units ","0","v40839","75.1","42","","","","0"
"1978","Timmins, Ontario","","Total demolitions","Units","300","units ","0","v40843","78.1","44","","","","0"
"1978","Trois-Rivières, Quebec","","Total demolitions","Units","300","units ","0","v40844","79.1","86","","","","0"
"1978","Valleyfield, Quebec","","Total demolitions","Units","300","units ","0","v40845","80.1","11","","","","0"
"1979","Canada","","Total demolitions","Units","300","units ","0","v40785","1.1","10704","","","","0"
"1979","Newfoundland and Labrador","","Total demolitions","Units","300","units ","0","v40786","2.1","71","","","","0"
"1979","Prince Edward Island","","Total demolitions","Units","300","units ","0","v40788","3.1","5","","","","0"
"1979","Nova Scotia","","Total demolitions","Units","300","units ","0","v40789","4.1","204","","","","0"
"1979","New Brunswick","","Total demolitions","Units","300","units ","0","v40790","5.1","500","","","","0"
"1979","Quebec","","Total demolitions","Units","300","units ","0","v40791","6.1","2389","","","","0"
"1979","Ontario","","Total demolitions","Units","300","units ","0","v40792","7.1","3399","","","","0"
"1979","Manitoba","","Total demolitions","Units","300","units ","0","v40793","8.1","374","","","","0"
"1979","Saskatchewan","","Total demolitions","Units","300","units ","0","v40794","9.1","391","","","","0"
"1979","Alberta","","Total demolitions","Units","300","units ","0","v40795","10.1","1584","","","","0"
"1979","British Columbia","","Total demolitions","Units","300","units ","0","v40787","11.1","1787","","","","0"
"1979","Census metropolitan areas","","Total demolitions","Units","300","units ","0","v40796","12.1","7155","","","","0"
"1979","Calgary, Alberta","","Total demolitions","Units","300","units ","0","v40797","13.1","638","","","","0"
"1979","Edmonton, Alberta","","Total demolitions","Units","300","units ","0","v40816","15.1","563","","","","0"
"1979","Greater Sudbury, Ontario","","Total demolitions","Units","300","units ","0","v40805","31.1","63","","","","0"
"1979","Halifax, Nova Scotia","","Total demolitions","Units","300","units ","0","v40817","16.1","88","","","","0"
"1979","Hamilton, Ontario","","Total demolitions","Units","300","units ","0","v40818","17.1","238","","","","0"
"1979","Kitchener, Ontario","","Total demolitions","Units","300","units ","0","v40820","19.1","142","","","","0"
"1979","London, Ontario","","Total demolitions","Units","300","units ","0","v40821","20.1","11","","","","0"
"1979","Montréal, Quebec","","Total demolitions","Units","300","units ","0","v40822","21.1","1300","","","","0"
"1979","Oshawa, Ontario","","Total demolitions","Units","300","units ","0","v40813","22.1","90","","","","0"
"1979","Ottawa-Gatineau, Quebec part, Ontario/Quebec","","Total demolitions","Units","300","units ","0","v40819","18.1","135","","","","0"
"1979","Ottawa-Gatineau, Ontario part, Ontario/Quebec","","Total demolitions","Units","300","units ","0","v40798","23.1","199","","","","0"
"1979","Québec, Quebec","","Total demolitions","Units","300","units ","0","v40799","24.1","121","","","","0"
"1979","Regina, Saskatchewan","","Total demolitions","Units","300","units ","0","v40800","25.1","92","","","","0"
"1979","St. Catharines-Niagara, Ontario","","Total demolitions","Units","300","units ","0","v40801","26.1","226","","","","0"
"1979","St. John's, Newfoundland and Labrador","","Total demolitions","Units","300","units ","0","v40803","28.1","21","","","","0"
"1979","Saguenay, Quebec","","Total demolitions","Units","300","units ","0","v40808","14.1","64","","","","0"
"1979","Saint John, New Brunswick","","Total demolitions","Units","300","units ","0","v40802","27.1","252","","","","0"
"1979","Saskatoon, Saskatchewan","","Total demolitions","Units","300","units ","0","v40804","29.1","112","","","","0"
"1979","Thunder Bay, Ontario","","Total demolitions","Units","300","units ","0","v40806","32.1","144","","","","0"
"1979","Toronto, Ontario","","Total demolitions","Units","300","units ","0","v40807","33.1","860","","","","0"
"1979","Vancouver, British Columbia","","Total demolitions","Units","300","units ","0","v40809","35.1","1198","","","","0"
"1979","Victoria, British Columbia","","Total demolitions","Units","300","units ","0","v40810","36.1","137","","","","0"
"1979","Windsor, Ontario","","Total demolitions","Units","300","units ","0","v40811","37.1","180","","","","0"
"1979","Winnipeg, Manitoba","","Total demolitions","Units","300","units ","0","v40812","38.1","281","","","","0"
"1979","Large urban areas","","Total demolitions","Units","300","units ","0","v40823","39.1","617","","","","0"
"1979","Brantford, Ontario","","Total demolitions","Units","300","units ","0","v40835","42.1","50","","","","0"
"1979","Cape Breton, Nova Scotia","","Total demolitions","Units","300","units ","0","v40841","68.1","0","","","","0"
"1979","Cornwall, Ontario","","Total demolitions","Units","300","units ","0","v40857","45.1","9","","","","0"
"1979","Drummondville, Quebec","","Total demolitions","Units","300","units ","0","v40861","46.1","28","","","","0"
"1979","Guelph, Ontario","","Total demolitions","Units","300","units ","0","v40863","49.1","19","","","","0"
"1979","Kamloops, British Columbia","","Total demolitions","Units","300","units ","0","v40864","50.1","24","","","","0"
"1979","Kelowna, British Columbia","","Total demolitions","Units","300","units ","0","v40848","51.1","52","","","","0"
"1979","Kingston, Ontario","","Total demolitions","Units","300","units ","0","v40865","52.1","37","","","","0"
"1979","Lethbridge, Alberta","","Total demolitions","Units","300","units ","0","v40825","53.1","14","","","","0"
"1979","Moncton, New Brunswick","","Total demolitions","Units","300","units ","0","v40826","56.1","96","","","","0"
"1979","North Bay, Ontario","","Total demolitions","Units","300","units ","0","v40828","58.1","63","","","","0"
"1979","Peterborough, Ontario","","Total demolitions","Units","300","units ","0","v40830","59.1","6","","","","0"
"1979","Prince George, British Columbia","","Total demolitions","Units","300","units ","0","v40831","60.1","19","","","","0"
"1979","Saint-Jérôme, Quebec","","Total demolitions","Units","300","units ","0","v40834","63.1","13","","","","0"
"1979","Saint-Jean-sur-Richelieu, Quebec","","Total demolitions","Units","300","units ","0","v40833","64.1","2","","","","0"
"1979","Sarnia, Ontario","","Total demolitions","Units","300","units ","0","v40836","65.1","32","","","","0"
"1979","Sault Ste. Marie, Ontario","","Total demolitions","Units","300","units ","0","v40837","66.1","2","","","","0"
"1979","Shawinigan, Quebec","","Total demolitions","Units","300","units ","0","v40838","67.1","35","","","","0"
"1979","Sherbrooke, Quebec","","Total demolitions","Units","300","units ","0","v40839","75.1","49","","","","0"
"1979","Timmins, Ontario","","Total demolitions","Units","300","units ","0","v40843","78.1","31","","","","0"
"1979","Trois-Rivières, Quebec","","Total demolitions","Units","300","units ","0","v40844","79.1","36","","","","0"
"1979","Valleyfield, Quebec","","Total demolitions","Units","300","units ","0","v40845","80.1","0","","","","0"
"1980","Canada","","Total demolitions","Units","300","units ","0","v40785","1.1","11151","","","","0"
"1980","Newfoundland and Labrador","","Total demolitions","Units","300","units ","0","v40786","2.1","66","","","","0"
"1980","Prince Edward Island","","Total demolitions","Units","300","units ","0","v40788","3.1","0","","","","0"
"1980","Nova Scotia","","Total demolitions","Units","300","units ","0","v40789","4.1","165","","","","0"
"1980","New Brunswick","","Total demolitions","Units","300","units ","0","v40790","5.1","526","","","","0"
"1980","Quebec","","Total demolitions","Units","300","units ","0","v40791","6.1","2676","","","","0"
"1980","Ontario","","Total demolitions","Units","300","units ","0","v40792","7.1","2737","","","","0"
"1980","Manitoba","","Total demolitions","Units","300","units ","0","v40793","8.1","481","","","","0"
"1980","Saskatchewan","","Total demolitions","Units","300","units ","0","v40794","9.1","442","","","","0"
"1980","Alberta","","Total demolitions","Units","300","units ","0","v40795","10.1","1159","","","","0"
"1980","British Columbia","","Total demolitions","Units","300","units ","0","v40787","11.1","2899","","","","0"
"1980","Census metropolitan areas","","Total demolitions","Units","300","units ","0","v40796","12.1","7639","","","","0"
"1980","Calgary, Alberta","","Total demolitions","Units","300","units ","0","v40797","13.1","411","","","","0"
"1980","Edmonton, Alberta","","Total demolitions","Units","300","units ","0","v40816","15.1","434","","","","0"
"1980","Greater Sudbury, Ontario","","Total demolitions","Units","300","units ","0","v40805","31.1","52","","","","0"
"1980","Halifax, Nova Scotia","","Total demolitions","Units","300","units ","0","v40817","16.1","97","","","","0"
"1980","Hamilton, Ontario","","Total demolitions","Units","300","units ","0","v40818","17.1","126","","","","0"
"1980","Kitchener, Ontario","","Total demolitions","Units","300","units ","0","v40820","19.1","132","","","","0"
"1980","London, Ontario","","Total demolitions","Units","300","units ","0","v40821","20.1","81","","","","0"
"1980","Montréal, Quebec","","Total demolitions","Units","300","units ","0","v40822","21.1","1391","","","","0"
"1980","Oshawa, Ontario","","Total demolitions","Units","300","units ","0","v40813","22.1","61","","","","0"
"1980","Ottawa-Gatineau, Quebec part, Ontario/Quebec","","Total demolitions","Units","300","units ","0","v40819","18.1","161","","","","0"
"1980","Ottawa-Gatineau, Ontario part, Ontario/Quebec","","Total demolitions","Units","300","units ","0","v40798","23.1","131","","","","0"
"1980","Québec, Quebec","","Total demolitions","Units","300","units ","0","v40799","24.1","119","","","","0"
"1980","Regina, Saskatchewan","","Total demolitions","Units","300","units ","0","v40800","25.1","179","","","","0"
"1980","St. Catharines-Niagara, Ontario","","Total demolitions","Units","300","units ","0","v40801","26.1","167","","","","0"
"1980","St. John's, Newfoundland and Labrador","","Total demolitions","Units","300","units ","0","v40803","28.1","33","","","","0"
"1980","Saguenay, Quebec","","Total demolitions","Units","300","units ","0","v40808","14.1","53","","","","0"
"1980","Saint John, New Brunswick","","Total demolitions","Units","300","units ","0","v40802","27.1","255","","","","0"
"1980","Saskatoon, Saskatchewan","","Total demolitions","Units","300","units ","0","v40804","29.1","66","","","","0"
"1980","Thunder Bay, Ontario","","Total demolitions","Units","300","units ","0","v40806","32.1","111","","","","0"
"1980","Toronto, Ontario","","Total demolitions","Units","300","units ","0","v40807","33.1","650","","","","0"
"1980","Vancouver, British Columbia","","Total demolitions","Units","300","units ","0","v40809","35.1","2249","","","","0"
"1980","Victoria, British Columbia","","Total demolitions","Units","300","units ","0","v40810","36.1","182","","","","0"
"1980","Windsor, Ontario","","Total demolitions","Units","300","units ","0","v40811","37.1","127","","","","0"
"1980","Winnipeg, Manitoba","","Total demolitions","Units","300","units ","0","v40812","38.1","371","","","","0"
"1980","Large urban areas","","Total demolitions","Units","300","units ","0","v40823","39.1","792","","","","0"
"1980","Brantford, Ontario","","Total demolitions","Units","300","units ","0","v40835","42.1","41","","","","0"
"1980","Cape Breton, Nova Scotia","","Total demolitions","Units","300","units ","0","v40841","68.1","10","","","","0"
"1980","Cornwall, Ontario","","Total demolitions","Units","300","units ","0","v40857","45.1","8","","","","0"
"1980","Drummondville, Quebec","","Total demolitions","Units","300","units ","0","v40861","46.1","54","","","","0"
"1980","Guelph, Ontario","","Total demolitions","Units","300","units ","0","v40863","49.1","15","","","","0"
"1980","Kamloops, British Columbia","","Total demolitions","Units","300","units ","0","v40864","50.1","18","","","","0"
"1980","Kelowna, British Columbia","","Total demolitions","Units","300","units ","0","v40848","51.1","61","","","","0"
"1980","Kingston, Ontario","","Total demolitions","Units","300","units ","0","v40865","52.1","22","","","","0"
"1980","Lethbridge, Alberta","","Total demolitions","Units","300","units ","0","v40825","53.1","19","","","","0"
"1980","Moncton, New Brunswick","","Total demolitions","Units","300","units ","0","v40826","56.1","178","","","","0"
"1980","North Bay, Ontario","","Total demolitions","Units","300","units ","0","v40828","58.1","36","","","","0"
"1980","Peterborough, Ontario","","Total demolitions","Units","300","units ","0","v40830","59.1","1","","","","0"
"1980","Prince George, British Columbia","","Total demolitions","Units","300","units ","0","v40831","60.1","17","","","","0"
"1980","Saint-Jérôme, Quebec","","Total demolitions","Units","300","units ","0","v40834","63.1","13","","","","0"
"1980","Saint-Jean-sur-Richelieu, Quebec","","Total demolitions","Units","300","units ","0","v40833","64.1","15","","","","0"
"1980","Sarnia, Ontario","","Total demolitions","Units","300","units ","0","v40836","65.1","64","","","","0"
"1980","Sault Ste. Marie, Ontario","","Total demolitions","Units","300","units ","0","v40837","66.1","7","","","","0"
"1980","Shawinigan, Quebec","","Total demolitions","Units","300","units ","0","v40838","67.1","52","","","","0"
"1980","Sherbrooke, Quebec","","Total demolitions","Units","300","units ","0","v40839","75.1","75","","","","0"
"1980","Timmins, Ontario","","Total demolitions","Units","300","units ","0","v40843","78.1","17","","","","0"
"1980","Trois-Rivières, Quebec","","Total demolitions","Units","300","units ","0","v40844","79.1","55","","","","0"
"1980","Valleyfield, Quebec","","Total demolitions","Units","300","units ","0","v40845","80.1","14","","","","0"
"1981","Canada","","Total demolitions","Units","300","units ","0","v40785","1.1","12055","","","","0"
"1981","Newfoundland and Labrador","","Total demolitions","Units","300","units ","0","v40786","2.1","112","","","","0"
"1981","Prince Edward Island","","Total demolitions","Units","300","units ","0","v40788","3.1","0","","","","0"
"1981","Nova Scotia","","Total demolitions","Units","300","units ","0","v40789","4.1","150","","","","0"
"1981","New Brunswick","","Total demolitions","Units","300","units ","0","v40790","5.1","267","","","","0"
"1981","Quebec","","Total demolitions","Units","300","units ","0","v40791","6.1","2784","","","","0"
"1981","Ontario","","Total demolitions","Units","300","units ","0","v40792","7.1","2898","","","","0"
"1981","Manitoba","","Total demolitions","Units","300","units ","0","v40793","8.1","541","","","","0"
"1981","Saskatchewan","","Total demolitions","Units","300","units ","0","v40794","9.1","364","","","","0"
"1981","Alberta","","Total demolitions","Units","300","units ","0","v40795","10.1","1683","","","","0"
"1981","British Columbia","","Total demolitions","Units","300","units ","0","v40787","11.1","3256","","","","0"
"1981","Census metropolitan areas","","Total demolitions","Units","300","units ","0","v40796","12.1","8612","","","","0"
"1981","Calgary, Alberta","","Total demolitions","Units","300","units ","0","v40797","13.1","603","","","","0"
"1981","Edmonton, Alberta","","Total demolitions","Units","300","units ","0","v40816","15.1","747","","","","0"
"1981","Greater Sudbury, Ontario","","Total demolitions","Units","300","units ","0","v40805","31.1","49","","","","0"
"1981","Halifax, Nova Scotia","","Total demolitions","Units","300","units ","0","v40817","16.1","75","","","","0"
"1981","Hamilton, Ontario","","Total demolitions","Units","300","units ","0","v40818","17.1","108","","","","0"
"1981","Kitchener, Ontario","","Total demolitions","Units","300","units ","0","v40820","19.1","62","","","","0"
"1981","London, Ontario","","Total demolitions","Units","300","units ","0","v40821","20.1","165","","","","0"
"1981","Montréal, Quebec","","Total demolitions","Units","300","units ","0","v40822","21.1","1585","","","","0"
"1981","Oshawa, Ontario","","Total demolitions","Units","300","units ","0","v40813","22.1","70","","","","0"
"1981","Ottawa-Gatineau, Quebec part, Ontario/Quebec","","Total demolitions","Units","300","units ","0","v40819","18.1","100","","","","0"
"1981","Ottawa-Gatineau, Ontario part, Ontario/Quebec","","Total demolitions","Units","300","units ","0","v40798","23.1","81","","","","0"
"1981","Québec, Quebec","","Total demolitions","Units","300","units ","0","v40799","24.1","153","","","","0"
"1981","Regina, Saskatchewan","","Total demolitions","Units","300","units ","0","v40800","25.1","100","","","","0"
"1981","St. Catharines-Niagara, Ontario","","Total demolitions","Units","300","units ","0","v40801","26.1","153","","","","0"
"1981","St. John's, Newfoundland and Labrador","","Total demolitions","Units","300","units ","0","v40803","28.1","60","","","","0"
"1981","Saguenay, Quebec","","Total demolitions","Units","300","units ","0","v40808","14.1","23","","","","0"
"1981","Saint John, New Brunswick","","Total demolitions","Units","300","units ","0","v40802","27.1","130","","","","0"
"1981","Saskatoon, Saskatchewan","","Total demolitions","Units","300","units ","0","v40804","29.1","104","","","","0"
"1981","Thunder Bay, Ontario","","Total demolitions","Units","300","units ","0","v40806","32.1","85","","","","0"
"1981","Toronto, Ontario","","Total demolitions","Units","300","units ","0","v40807","33.1","890","","","","0"
"1981","Vancouver, British Columbia","","Total demolitions","Units","300","units ","0","v40809","35.1","2277","","","","0"
"1981","Victoria, British Columbia","","Total demolitions","Units","300","units ","0","v40810","36.1","393","","","","0"
"1981","Windsor, Ontario","","Total demolitions","Units","300","units ","0","v40811","37.1","135","","","","0"
"1981","Winnipeg, Manitoba","","Total demolitions","Units","300","units ","0","v40812","38.1","464","","","","0"
"1981","Large urban areas","","Total demolitions","Units","300","units ","0","v40823","39.1","644","","","","0"
"1981","Brantford, Ontario","","Total demolitions","Units","300","units ","0","v40835","42.1","24","","","","0"
"1981","Cape Breton, Nova Scotia","","Total demolitions","Units","300","units ","0","v40841","68.1","21","","","","0"
"1981","Cornwall, Ontario","","Total demolitions","Units","300","units ","0","v40857","45.1","10","","","","0"
"1981","Drummondville, Quebec","","Total demolitions","Units","300","units ","0","v40861","46.1","23","","","","0"
"1981","Guelph, Ontario","","Total demolitions","Units","300","units ","0","v40863","49.1","13","","","","0"
"1981","Kamloops, British Columbia","","Total demolitions","Units","300","units ","0","v40864","50.1","34","","","","0"
"1981","Kelowna, British Columbia","","Total demolitions","Units","300","units ","0","v40848","51.1","70","","","","0"
"1981","Kingston, Ontario","","Total demolitions","Units","300","units ","0","v40865","52.1","25","","","","0"
"1981","Lethbridge, Alberta","","Total demolitions","Units","300","units ","0","v40825","53.1","18","","","","0"
"1981","Moncton, New Brunswick","","Total demolitions","Units","300","units ","0","v40826","56.1","34","","","","0"
"1981","North Bay, Ontario","","Total demolitions","Units","300","units ","0","v40828","58.1","23","","","","0"
"1981","Peterborough, Ontario","","Total demolitions","Units","300","units ","0","v40830","59.1","1","","","","0"
"1981","Prince George, British Columbia","","Total demolitions","Units","300","units ","0","v40831","60.1","21","","","","0"
"1981","Saint-Jérôme, Quebec","","Total demolitions","Units","300","units ","0","v40834","63.1","15","","","","0"
"1981","Saint-Jean-sur-Richelieu, Quebec","","Total demolitions","Units","300","units ","0","v40833","64.1","5","","","","0"
"1981","Sarnia, Ontario","","Total demolitions","Units","300","units ","0","v40836","65.1","45","","","","0"
"1981","Sault Ste. Marie, Ontario","","Total demolitions","Units","300","units ","0","v40837","66.1","36","","","","0"
"1981","Shawinigan, Quebec","","Total demolitions","Units","300","units ","0","v40838","67.1","27","","","","0"
"1981","Sherbrooke, Quebec","","Total demolitions","Units","300","units ","0","v40839","75.1","93","","","","0"
"1981","Timmins, Ontario","","Total demolitions","Units","300","units ","0","v40843","78.1","23","","","","0"
"1981","Trois-Rivières, Quebec","","Total demolitions","Units","300","units ","0","v40844","79.1","76","","","","0"
"1981","Valleyfield, Quebec","","Total demolitions","Units","300","units ","0","v40845","80.1","7","","","","0"
"1982","Canada","","Total demolitions","Units","300","units ","0","v40785","1.1","8624","","","","0"
"1982","Newfoundland and Labrador","","Total demolitions","Units","300","units ","0","v40786","2.1","69","","","","0"
"1982","Prince Edward Island","","Total demolitions","Units","300","units ","0","v40788","3.1","1","","","","0"
"1982","Nova Scotia","","Total demolitions","Units","300","units ","0","v40789","4.1","188","","","","0"
"1982","New Brunswick","","Total demolitions","Units","300","units ","0","v40790","5.1","226","","","","0"
"1982","Quebec","","Total demolitions","Units","300","units ","0","v40791","6.1","2391","","","","0"
"1982","Ontario","","Total demolitions","Units","300","units ","0","v40792","7.1","2585","","","","0"
"1982","Manitoba","","Total demolitions","Units","300","units ","0","v40793","8.1","543","","","","0"
"1982","Saskatchewan","","Total demolitions","Units","300","units ","0","v40794","9.1","305","","","","0"
"1982","Alberta","","Total demolitions","Units","300","units ","0","v40795","10.1","849","","","","0"
"1982","British Columbia","","Total demolitions","Units","300","units ","0","v40787","11.1","1467","","","","0"
"1982","Census metropolitan areas","","Total demolitions","Units","300","units ","0","v40796","12.1","5947","","","","0"
"1982","Calgary, Alberta","","Total demolitions","Units","300","units ","0","v40797","13.1","312","","","","0"
"1982","Edmonton, Alberta","","Total demolitions","Units","300","units ","0","v40816","15.1","269","","","","0"
"1982","Greater Sudbury, Ontario","","Total demolitions","Units","300","units ","0","v40805","31.1","26","","","","0"
"1982","Halifax, Nova Scotia","","Total demolitions","Units","300","units ","0","v40817","16.1","87","","","","0"
"1982","Hamilton, Ontario","","Total demolitions","Units","300","units ","0","v40818","17.1","119","","","","0"
"1982","Kitchener, Ontario","","Total demolitions","Units","300","units ","0","v40820","19.1","50","","","","0"
"1982","London, Ontario","","Total demolitions","Units","300","units ","0","v40821","20.1","92","","","","0"
"1982","Montréal, Quebec","","Total demolitions","Units","300","units ","0","v40822","21.1","1594","","","","0"
"1982","Oshawa, Ontario","","Total demolitions","Units","300","units ","0","v40813","22.1","32","","","","0"
"1982","Ottawa-Gatineau, Quebec part, Ontario/Quebec","","Total demolitions","Units","300","units ","0","v40819","18.1","56","","","","0"
"1982","Ottawa-Gatineau, Ontario part, Ontario/Quebec","","Total demolitions","Units","300","units ","0","v40798","23.1","108","","","","0"
"1982","Québec, Quebec","","Total demolitions","Units","300","units ","0","v40799","24.1","123","","","","0"
"1982","Regina, Saskatchewan","","Total demolitions","Units","300","units ","0","v40800","25.1","75","","","","0"
"1982","St. Catharines-Niagara, Ontario","","Total demolitions","Units","300","units ","0","v40801","26.1","119","","","","0"
"1982","St. John's, Newfoundland and Labrador","","Total demolitions","Units","300","units ","0","v40803","28.1","38","","","","0"
"1982","Saguenay, Quebec","","Total demolitions","Units","300","units ","0","v40808","14.1","47","","","","0"
"1982","Saint John, New Brunswick","","Total demolitions","Units","300","units ","0","v40802","27.1","125","","","","0"
"1982","Saskatoon, Saskatchewan","","Total demolitions","Units","300","units ","0","v40804","29.1","82","","","","0"
"1982","Thunder Bay, Ontario","","Total demolitions","Units","300","units ","0","v40806","32.1","61","","","","0"
"1982","Toronto, Ontario","","Total demolitions","Units","300","units ","0","v40807","33.1","779","","","","0"
"1982","Trois-Rivières, Quebec","","Total demolitions","Units","300","units ","0","v40814","34.1","59","","","","0"
"1982","Vancouver, British Columbia","","Total demolitions","Units","300","units ","0","v40809","35.1","1044","","","","0"
"1982","Victoria, British Columbia","","Total demolitions","Units","300","units ","0","v40810","36.1","69","","","","0"
"1982","Windsor, Ontario","","Total demolitions","Units","300","units ","0","v40811","37.1","110","","","","0"
"1982","Winnipeg, Manitoba","","Total demolitions","Units","300","units ","0","v40812","38.1","471","","","","0"
"1982","Large urban areas","","Total demolitions","Units","300","units ","0","v40823","39.1","548","","","","0"
"1982","Brantford, Ontario","","Total demolitions","Units","300","units ","0","v40835","42.1","26","","","","0"
"1982","Cape Breton, Nova Scotia","","Total demolitions","Units","300","units ","0","v40841","68.1","26","","","","0"
"1982","Cornwall, Ontario","","Total demolitions","Units","300","units ","0","v40857","45.1","9","","","","0"
"1982","Drummondville, Quebec","","Total demolitions","Units","300","units ","0","v40861","46.1","1","","","","0"
"1982","Guelph, Ontario","","Total demolitions","Units","300","units ","0","v40863","49.1","9","","","","0"
"1982","Kamloops, British Columbia","","Total demolitions","Units","300","units ","0","v40864","50.1","7","","","","0"
"1982","Kelowna, British Columbia","","Total demolitions","Units","300","units ","0","v40848","51.1","42","","","","0"
"1982","Kingston, Ontario","","Total demolitions","Units","300","units ","0","v40865","52.1","7","","","","0"
"1982","Lethbridge, Alberta","","Total demolitions","Units","300","units ","0","v40825","53.1","22","","","","0"
"1982","Moncton, New Brunswick","","Total demolitions","Units","300","units ","0","v40826","56.1","35","","","","0"
"1982","North Bay, Ontario","","Total demolitions","Units","300","units ","0","v40828","58.1","177","","","","0"
"1982","Peterborough, Ontario","","Total demolitions","Units","300","units ","0","v40830","59.1","22","","","","0"
"1982","Prince George, British Columbia","","Total demolitions","Units","300","units ","0","v40831","60.1","20","","","","0"
"1982","Saint-Jérôme, Quebec","","Total demolitions","Units","300","units ","0","v40834","63.1","15","","","","0"
"1982","Saint-Jean-sur-Richelieu, Quebec","","Total demolitions","Units","300","units ","0","v40833","64.1","0","","","","0"
"1982","Sarnia, Ontario","","Total demolitions","Units","300","units ","0","v40836","65.1","24","","","","0"
"1982","Sault Ste. Marie, Ontario","","Total demolitions","Units","300","units ","0","v40837","66.1","18","","","","0"
"1982","Shawinigan, Quebec","","Total demolitions","Units","300","units ","0","v40838","67.1","15","","","","0"
"1982","Sherbrooke, Quebec","","Total demolitions","Units","300","units ","0","v40839","75.1","41","","","","0"
"1982","Timmins, Ontario","","Total demolitions","Units","300","units ","0","v40843","78.1","27","","","","0"
"1982","Valleyfield, Quebec","","Total demolitions","Units","300","units ","0","v40845","80.1","5","","","","0"
"1983","Canada","","Total demolitions","Units","300","units ","0","v40785","1.1","8272","","","","0"
"1983","Newfoundland and Labrador","","Total demolitions","Units","300","units ","0","v40786","2.1","99","","","","0"
"1983","Prince Edward Island","","Total demolitions","Units","300","units ","0","v40788","3.1","3","","","","0"
"1983","Nova Scotia","","Total demolitions","Units","300","units ","0","v40789","4.1","136","","","","0"
"1983","New Brunswick","","Total demolitions","Units","300","units ","0","v40790","5.1","230","","","","0"
"1983","Quebec","","Total demolitions","Units","300","units ","0","v40791","6.1","2259","","","","0"
"1983","Ontario","","Total demolitions","Units","300","units ","0","v40792","7.1","2307","","","","0"
"1983","Manitoba","","Total demolitions","Units","300","units ","0","v40793","8.1","405","","","","0"
"1983","Saskatchewan","","Total demolitions","Units","300","units ","0","v40794","9.1","352","","","","0"
"1983","Alberta","","Total demolitions","Units","300","units ","0","v40795","10.1","507","","","","0"
"1983","British Columbia","","Total demolitions","Units","300","units ","0","v40787","11.1","1974","","","","0"
"1983","Census metropolitan areas","","Total demolitions","Units","300","units ","0","v40796","12.1","5811","","","","0"
"1983","Calgary, Alberta","","Total demolitions","Units","300","units ","0","v40797","13.1","89","","","","0"
"1983","Edmonton, Alberta","","Total demolitions","Units","300","units ","0","v40816","15.1","189","","","","0"
"1983","Greater Sudbury, Ontario","","Total demolitions","Units","300","units ","0","v40805","31.1","25","","","","0"
"1983","Halifax, Nova Scotia","","Total demolitions","Units","300","units ","0","v40817","16.1","54","","","","0"
"1983","Hamilton, Ontario","","Total demolitions","Units","300","units ","0","v40818","17.1","99","","","","0"
"1983","Kitchener, Ontario","","Total demolitions","Units","300","units ","0","v40820","19.1","57","","","","0"
"1983","London, Ontario","","Total demolitions","Units","300","units ","0","v40821","20.1","69","","","","0"
"1983","Montréal, Quebec","","Total demolitions","Units","300","units ","0","v40822","21.1","1439","","","","0"
"1983","Oshawa, Ontario","","Total demolitions","Units","300","units ","0","v40813","22.1","50","","","","0"
"1983","Ottawa-Gatineau, Quebec part, Ontario/Quebec","","Total demolitions","Units","300","units ","0","v40819","18.1","64","","","","0"
"1983","Ottawa-Gatineau, Ontario part, Ontario/Quebec","","Total demolitions","Units","300","units ","0","v40798","23.1","124","","","","0"
"1983","Québec, Quebec","","Total demolitions","Units","300","units ","0","v40799","24.1","146","","","","0"
"1983","Regina, Saskatchewan","","Total demolitions","Units","300","units ","0","v40800","25.1","64","","","","0"
"1983","St. Catharines-Niagara, Ontario","","Total demolitions","Units","300","units ","0","v40801","26.1","131","","","","0"
"1983","St. John's, Newfoundland and Labrador","","Total demolitions","Units","300","units ","0","v40803","28.1","41","","","","0"
"1983","Saguenay, Quebec","","Total demolitions","Units","300","units ","0","v40808","14.1","35","","","","0"
"1983","Saint John, New Brunswick","","Total demolitions","Units","300","units ","0","v40802","27.1","119","","","","0"
"1983","Saskatoon, Saskatchewan","","Total demolitions","Units","300","units ","0","v40804","29.1","118","","","","0"
"1983","Thunder Bay, Ontario","","Total demolitions","Units","300","units ","0","v40806","32.1","74","","","","0"
"1983","Toronto, Ontario","","Total demolitions","Units","300","units ","0","v40807","33.1","683","","","","0"
"1983","Trois-Rivières, Quebec","","Total demolitions","Units","300","units ","0","v40814","34.1","22","","","","0"
"1983","Vancouver, British Columbia","","Total demolitions","Units","300","units ","0","v40809","35.1","1559","","","","0"
"1983","Victoria, British Columbia","","Total demolitions","Units","300","units ","0","v40810","36.1","99","","","","0"
"1983","Windsor, Ontario","","Total demolitions","Units","300","units ","0","v40811","37.1","129","","","","0"
"1983","Winnipeg, Manitoba","","Total demolitions","Units","300","units ","0","v40812","38.1","332","","","","0"
"1983","Large urban areas","","Total demolitions","Units","300","units ","0","v40823","39.1","364","","","","0"
"1983","Brantford, Ontario","","Total demolitions","Units","300","units ","0","v40835","42.1","25","","","","0"
"1983","Cape Breton, Nova Scotia","","Total demolitions","Units","300","units ","0","v40841","68.1","0","","","","0"
"1983","Cornwall, Ontario","","Total demolitions","Units","300","units ","0","v40857","45.1","8","","","","0"
"1983","Drummondville, Quebec","","Total demolitions","Units","300","units ","0","v40861","46.1","4","","","","0"
"1983","Guelph, Ontario","","Total demolitions","Units","300","units ","0","v40863","49.1","19","","","","0"
"1983","Kamloops, British Columbia","","Total demolitions","Units","300","units ","0","v40864","50.1","12","","","","0"
"1983","Kelowna, British Columbia","","Total demolitions","Units","300","units ","0","v40848","51.1","34","","","","0"
"1983","Kingston, Ontario","","Total demolitions","Units","300","units ","0","v40865","52.1","7","","","","0"
"1983","Lethbridge, Alberta","","Total demolitions","Units","300","units ","0","v40825","53.1","22","","","","0"
"1983","Moncton, New Brunswick","","Total demolitions","Units","300","units ","0","v40826","56.1","39","","","","0"
"1983","North Bay, Ontario","","Total demolitions","Units","300","units ","0","v40828","58.1","30","","","","0"
"1983","Peterborough, Ontario","","Total demolitions","Units","300","units ","0","v40830","59.1","7","","","","0"
"1983","Prince George, British Columbia","","Total demolitions","Units","300","units ","0","v40831","60.1","11","","","","0"
"1983","Saint-Jérôme, Quebec","","Total demolitions","Units","300","units ","0","v40834","63.1","3","","","","0"
"1983","Saint-Jean-sur-Richelieu, Quebec","","Total demolitions","Units","300","units ","0","v40833","64.1","7","","","","0"
"1983","Sarnia, Ontario","","Total demolitions","Units","300","units ","0","v40836","65.1","17","","","","0"
"1983","Sault Ste. Marie, Ontario","","Total demolitions","Units","300","units ","0","v40837","66.1","21","","","","0"
"1983","Shawinigan, Quebec","","Total demolitions","Units","300","units ","0","v40838","67.1","48","","","","0"
"1983","Sherbrooke, Quebec","","Total demolitions","Units","300","units ","0","v40839","75.1","31","","","","0"
"1983","Timmins, Ontario","","Total demolitions","Units","300","units ","0","v40843","78.1","12","","","","0"
"1983","Valleyfield, Quebec","","Total demolitions","Units","300","units ","0","v40845","80.1","7","","","","0"
"1984","Canada","","Total demolitions","Units","300","units ","0","v40785","1.1","7683","","","","0"
"1984","Newfoundland and Labrador","","Total demolitions","Units","300","units ","0","v40786","2.1","68","","","","0"
"1984","Prince Edward Island","","Total demolitions","Units","300","units ","0","v40788","3.1","0","","","","0"
"1984","Nova Scotia","","Total demolitions","Units","300","units ","0","v40789","4.1","139","","","","0"
"1984","New Brunswick","","Total demolitions","Units","300","units ","0","v40790","5.1","203","","","","0"
"1984","Quebec","","Total demolitions","Units","300","units ","0","v40791","6.1","1782","","","","0"
"1984","Ontario","","Total demolitions","Units","300","units ","0","v40792","7.1","2358","","","","0"
"1984","Manitoba","","Total demolitions","Units","300","units ","0","v40793","8.1","435","","","","0"
"1984","Saskatchewan","","Total demolitions","Units","300","units ","0","v40794","9.1","326","","","","0"
"1984","Alberta","","Total demolitions","Units","300","units ","0","v40795","10.1","361","","","","0"
"1984","British Columbia","","Total demolitions","Units","300","units ","0","v40787","11.1","2011","","","","0"
"1984","Census metropolitan areas","","Total demolitions","Units","300","units ","0","v40796","12.1","5340","","","","0"
"1984","Calgary, Alberta","","Total demolitions","Units","300","units ","0","v40797","13.1","57","","","","0"
"1984","Edmonton, Alberta","","Total demolitions","Units","300","units ","0","v40816","15.1","121","","","","0"
"1984","Greater Sudbury, Ontario","","Total demolitions","Units","300","units ","0","v40805","31.1","9","","","","0"
"1984","Halifax, Nova Scotia","","Total demolitions","Units","300","units ","0","v40817","16.1","84","","","","0"
"1984","Hamilton, Ontario","","Total demolitions","Units","300","units ","0","v40818","17.1","76","","","","0"
"1984","Kitchener, Ontario","","Total demolitions","Units","300","units ","0","v40820","19.1","76","","","","0"
"1984","London, Ontario","","Total demolitions","Units","300","units ","0","v40821","20.1","117","","","","0"
"1984","Montréal, Quebec","","Total demolitions","Units","300","units ","0","v40822","21.1","1116","","","","0"
"1984","Oshawa, Ontario","","Total demolitions","Units","300","units ","0","v40813","22.1","30","","","","0"
"1984","Ottawa-Gatineau, Quebec part, Ontario/Quebec","","Total demolitions","Units","300","units ","0","v40819","18.1","48","","","","0"
"1984","Ottawa-Gatineau, Ontario part, Ontario/Quebec","","Total demolitions","Units","300","units ","0","v40798","23.1","150","","","","0"
"1984","Québec, Quebec","","Total demolitions","Units","300","units ","0","v40799","24.1","72","","","","0"
"1984","Regina, Saskatchewan","","Total demolitions","Units","300","units ","0","v40800","25.1","67","","","","0"
"1984","St. Catharines-Niagara, Ontario","","Total demolitions","Units","300","units ","0","v40801","26.1","91","","","","0"
"1984","St. John's, Newfoundland and Labrador","","Total demolitions","Units","300","units ","0","v40803","28.1","39","","","","0"
"1984","Saguenay, Quebec","","Total demolitions","Units","300","units ","0","v40808","14.1","26","","","","0"
"1984","Saint John, New Brunswick","","Total demolitions","Units","300","units ","0","v40802","27.1","119","","","","0"
"1984","Saskatoon, Saskatchewan","","Total demolitions","Units","300","units ","0","v40804","29.1","110","","","","0"
"1984","Thunder Bay, Ontario","","Total demolitions","Units","300","units ","0","v40806","32.1","55","","","","0"
"1984","Toronto, Ontario","","Total demolitions","Units","300","units ","0","v40807","33.1","635","","","","0"
"1984","Trois-Rivières, Quebec","","Total demolitions","Units","300","units ","0","v40814","34.1","15","","","","0"
"1984","Vancouver, British Columbia","","Total demolitions","Units","300","units ","0","v40809","35.1","1682","","","","0"
"1984","Victoria, British Columbia","","Total demolitions","Units","300","units ","0","v40810","36.1","80","","","","0"
"1984","Windsor, Ontario","","Total demolitions","Units","300","units ","0","v40811","37.1","115","","","","0"
"1984","Winnipeg, Manitoba","","Total demolitions","Units","300","units ","0","v40812","38.1","350","","","","0"
"1984","Large urban areas","","Total demolitions","Units","300","units ","0","v40823","39.1","298","","","","0"
"1984","Brantford, Ontario","","Total demolitions","Units","300","units ","0","v40835","42.1","18","","","","0"
"1984","Cape Breton, Nova Scotia","","Total demolitions","Units","300","units ","0","v40841","68.1","1","","","","0"
"1984","Cornwall, Ontario","","Total demolitions","Units","300","units ","0","v40857","45.1","3","","","","0"
"1984","Drummondville, Quebec","","Total demolitions","Units","300","units ","0","v40861","46.1","5","","","","0"
"1984","Guelph, Ontario","","Total demolitions","Units","300","units ","0","v40863","49.1","8","","","","0"
"1984","Kamloops, British Columbia","","Total demolitions","Units","300","units ","0","v40864","50.1","11","","","","0"
"1984","Kelowna, British Columbia","","Total demolitions","Units","300","units ","0","v40848","51.1","37","","","","0"
"1984","Kingston, Ontario","","Total demolitions","Units","300","units ","0","v40865","52.1","12","","","","0"
"1984","Lethbridge, Alberta","","Total demolitions","Units","300","units ","0","v40825","53.1","11","","","","0"
"1984","Moncton, New Brunswick","","Total demolitions","Units","300","units ","0","v40826","56.1","26","","","","0"
"1984","North Bay, Ontario","","Total demolitions","Units","300","units ","0","v40828","58.1","11","","","","0"
"1984","Peterborough, Ontario","","Total demolitions","Units","300","units ","0","v40830","59.1","15","","","","0"
"1984","Prince George, British Columbia","","Total demolitions","Units","300","units ","0","v40831","60.1","14","","","","0"
"1984","Saint-Jérôme, Quebec","","Total demolitions","Units","300","units ","0","v40834","63.1","6","","","","0"
"1984","Saint-Jean-sur-Richelieu, Quebec","","Total demolitions","Units","300","units ","0","v40833","64.1","7","","","","0"
"1984","Sarnia, Ontario","","Total demolitions","Units","300","units ","0","v40836","65.1","35","","","","0"
"1984","Sault Ste. Marie, Ontario","","Total demolitions","Units","300","units ","0","v40837","66.1","28","","","","0"
"1984","Shawinigan, Quebec","","Total demolitions","Units","300","units ","0","v40838","67.1","16","","","","0"
"1984","Sherbrooke, Quebec","","Total demolitions","Units","300","units ","0","v40839","75.1","6","","","","0"
"1984","Timmins, Ontario","","Total demolitions","Units","300","units ","0","v40843","78.1","20","","","","0"
"1984","Valleyfield, Quebec","","Total demolitions","Units","300","units ","0","v40845","80.1","8","","","","0"
"1985","Canada","","Total demolitions","Units","300","units ","0","v40785","1.1","8599","","","","0"
"1985","Newfoundland and Labrador","","Total demolitions","Units","300","units ","0","v40786","2.1","82","","","","0"
"1985","Prince Edward Island","","Total demolitions","Units","300","units ","0","v40788","3.1","4","","","","0"
"1985","Nova Scotia","","Total demolitions","Units","300","units ","0","v40789","4.1","176","","","","0"
"1985","New Brunswick","","Total demolitions","Units","300","units ","0","v40790","5.1","123","","","","0"
"1985","Quebec","","Total demolitions","Units","300","units ","0","v40791","6.1","1628","","","","0"
"1985","Ontario","","Total demolitions","Units","300","units ","0","v40792","7.1","2830","","","","0"
"1985","Manitoba","","Total demolitions","Units","300","units ","0","v40793","8.1","495","","","","0"
"1985","Saskatchewan","","Total demolitions","Units","300","units ","0","v40794","9.1","276","","","","0"
"1985","Alberta","","Total demolitions","Units","300","units ","0","v40795","10.1","541","","","","0"
"1985","British Columbia","","Total demolitions","Units","300","units ","0","v40787","11.1","2444","","","","0"
"1985","Census metropolitan areas","","Total demolitions","Units","300","units ","0","v40796","12.1","5790","","","","0"
"1985","Calgary, Alberta","","Total demolitions","Units","300","units ","0","v40797","13.1","144","","","","0"
"1985","Edmonton, Alberta","","Total demolitions","Units","300","units ","0","v40816","15.1","135","","","","0"
"1985","Greater Sudbury, Ontario","","Total demolitions","Units","300","units ","0","v40805","31.1","8","","","","0"
"1985","Halifax, Nova Scotia","","Total demolitions","Units","300","units ","0","v40817","16.1","94","","","","0"
"1985","Hamilton, Ontario","","Total demolitions","Units","300","units ","0","v40818","17.1","82","","","","0"
"1985","Kitchener, Ontario","","Total demolitions","Units","300","units ","0","v40820","19.1","39","","","","0"
"1985","London, Ontario","","Total demolitions","Units","300","units ","0","v40821","20.1","88","","","","0"
"1985","Montréal, Quebec","","Total demolitions","Units","300","units ","0","v40822","21.1","847","","","","0"
"1985","Oshawa, Ontario","","Total demolitions","Units","300","units ","0","v40813","22.1","43","","","","0"
"1985","Ottawa-Gatineau, Quebec part, Ontario/Quebec","","Total demolitions","Units","300","units ","0","v40819","18.1","45","","","","0"
"1985","Ottawa-Gatineau, Ontario part, Ontario/Quebec","","Total demolitions","Units","300","units ","0","v40798","23.1","153","","","","0"
"1985","Québec, Quebec","","Total demolitions","Units","300","units ","0","v40799","24.1","86","","","","0"
"1985","Regina, Saskatchewan","","Total demolitions","Units","300","units ","0","v40800","25.1","53","","","","0"
"1985","St. Catharines-Niagara, Ontario","","Total demolitions","Units","300","units ","0","v40801","26.1","105","","","","0"
"1985","St. John's, Newfoundland and Labrador","","Total demolitions","Units","300","units ","0","v40803","28.1","38","","","","0"
"1985","Saguenay, Quebec","","Total demolitions","Units","300","units ","0","v40808","14.1","49","","","","0"
"1985","Saint John, New Brunswick","","Total demolitions","Units","300","units ","0","v40802","27.1","41","","","","0"
"1985","Saskatoon, Saskatchewan","","Total demolitions","Units","300","units ","0","v40804","29.1","48","","","","0"
"1985","Thunder Bay, Ontario","","Total demolitions","Units","300","units ","0","v40806","32.1","100","","","","0"
"1985","Toronto, Ontario","","Total demolitions","Units","300","units ","0","v40807","33.1","962","","","","0"
"1985","Trois-Rivières, Quebec","","Total demolitions","Units","300","units ","0","v40814","34.1","24","","","","0"
"1985","Vancouver, British Columbia","","Total demolitions","Units","300","units ","0","v40809","35.1","2034","","","","0"
"1985","Victoria, British Columbia","","Total demolitions","Units","300","units ","0","v40810","36.1","124","","","","0"
"1985","Windsor, Ontario","","Total demolitions","Units","300","units ","0","v40811","37.1","146","","","","0"
"1985","Winnipeg, Manitoba","","Total demolitions","Units","300","units ","0","v40812","38.1","302","","","","0"
"1985","Large urban areas","","Total demolitions","Units","300","units ","0","v40823","39.1","416","","","","0"
"1985","Brantford, Ontario","","Total demolitions","Units","300","units ","0","v40835","42.1","38","","","","0"
"1985","Cape Breton, Nova Scotia","","Total demolitions","Units","300","units ","0","v40841","68.1","22","","","","0"
"1985","Cornwall, Ontario","","Total demolitions","Units","300","units ","0","v40857","45.1","6","","","","0"
"1985","Drummondville, Quebec","","Total demolitions","Units","300","units ","0","v40861","46.1","23","","","","0"
"1985","Guelph, Ontario","","Total demolitions","Units","300","units ","0","v40863","49.1","11","","","","0"
"1985","Kamloops, British Columbia","","Total demolitions","Units","300","units ","0","v40864","50.1","9","","","","0"
"1985","Kelowna, British Columbia","","Total demolitions","Units","300","units ","0","v40848","51.1","39","","","","0"
"1985","Kingston, Ontario","","Total demolitions","Units","300","units ","0","v40865","52.1","15","","","","0"
"1985","Lethbridge, Alberta","","Total demolitions","Units","300","units ","0","v40825","53.1","9","","","","0"
"1985","Moncton, New Brunswick","","Total demolitions","Units","300","units ","0","v40826","56.1","20","","","","0"
"1985","North Bay, Ontario","","Total demolitions","Units","300","units ","0","v40828","58.1","13","","","","0"
"1985","Peterborough, Ontario","","Total demolitions","Units","300","units ","0","v40830","59.1","14","","","","0"
"1985","Prince George, British Columbia","","Total demolitions","Units","300","units ","0","v40831","60.1","17","","","","0"
"1985","Saint-Jérôme, Quebec","","Total demolitions","Units","300","units ","0","v40834","63.1","4","","","","0"
"1985","Saint-Jean-sur-Richelieu, Quebec","","Total demolitions","Units","300","units ","0","v40833","64.1","34","","","","0"
"1985","Sarnia, Ontario","","Total demolitions","Units","300","units ","0","v40836","65.1","41","","","","0"
"1985","Sault Ste. Marie, Ontario","","Total demolitions","Units","300","units ","0","v40837","66.1","27","","","","0"
"1985","Shawinigan, Quebec","","Total demolitions","Units","300","units ","0","v40838","67.1","26","","","","0"
"1985","Sherbrooke, Quebec","","Total demolitions","Units","300","units ","0","v40839","75.1","12","","","","0"
"1985","Timmins, Ontario","","Total demolitions","Units","300","units ","0","v40843","78.1","36","","","","0"
"1985","Valleyfield, Quebec","","Total demolitions","Units","300","units ","0","v40845","80.1","0","","","","0"
"1986","Canada","","Total demolitions","Units","300","units ","0","v40785","1.1","8942","","","","0"
"1986","Newfoundland and Labrador","","Total demolitions","Units","300","units ","0","v40786","2.1","62","","","","0"
"1986","Prince Edward Island","","Total demolitions","Units","300","units ","0","v40788","3.1","4","","","","0"
"1986","Nova Scotia","","Total demolitions","Units","300","units ","0","v40789","4.1","138","","","","0"
"1986","New Brunswick","","Total demolitions","Units","300","units ","0","v40790","5.1","120","","","","0"
"1986","Quebec","","Total demolitions","Units","300","units ","0","v40791","6.1","1571","","","","0"
"1986","Ontario","","Total demolitions","Units","300","units ","0","v40792","7.1","3266","","","","0"
"1986","Manitoba","","Total demolitions","Units","300","units ","0","v40793","8.1","492","","","","0"
"1986","Saskatchewan","","Total demolitions","Units","300","units ","0","v40794","9.1","264","","","","0"
"1986","Alberta","","Total demolitions","Units","300","units ","0","v40795","10.1","538","","","","0"
"1986","British Columbia","","Total demolitions","Units","300","units ","0","v40787","11.1","2487","","","","0"
"1986","Census metropolitan areas","","Total demolitions","Units","300","units ","0","v40796","12.1","5903","","","","0"
"1986","Calgary, Alberta","","Total demolitions","Units","300","units ","0","v40797","13.1","134","","","","0"
"1986","Edmonton, Alberta","","Total demolitions","Units","300","units ","0","v40816","15.1","162","","","","0"
"1986","Greater Sudbury, Ontario","","Total demolitions","Units","300","units ","0","v40805","31.1","53","","","","0"
"1986","Halifax, Nova Scotia","","Total demolitions","Units","300","units ","0","v40817","16.1","58","","","","0"
"1986","Hamilton, Ontario","","Total demolitions","Units","300","units ","0","v40818","17.1","3","","","","0"
"1986","Kitchener, Ontario","","Total demolitions","Units","300","units ","0","v40820","19.1","130","","","","0"
"1986","London, Ontario","","Total demolitions","Units","300","units ","0","v40821","20.1","66","","","","0"
"1986","Montréal, Quebec","","Total demolitions","Units","300","units ","0","v40822","21.1","712","","","","0"
"1986","Oshawa, Ontario","","Total demolitions","Units","300","units ","0","v40813","22.1","62","","","","0"
"1986","Ottawa-Gatineau, Quebec part, Ontario/Quebec","","Total demolitions","Units","300","units ","0","v40819","18.1","32","","","","0"
"1986","Ottawa-Gatineau, Ontario part, Ontario/Quebec","","Total demolitions","Units","300","units ","0","v40798","23.1","405","","","","0"
"1986","Québec, Quebec","","Total demolitions","Units","300","units ","0","v40799","24.1","80","","","","0"
"1986","Regina, Saskatchewan","","Total demolitions","Units","300","units ","0","v40800","25.1","34","","","","0"
"1986","St. Catharines-Niagara, Ontario","","Total demolitions","Units","300","units ","0","v40801","26.1","109","","","","0"
"1986","St. John's, Newfoundland and Labrador","","Total demolitions","Units","300","units ","0","v40803","28.1","32","","","","0"
"1986","Saguenay, Quebec","","Total demolitions","Units","300","units ","0","v40808","14.1","55","","","","0"
"1986","Saint John, New Brunswick","","Total demolitions","Units","300","units ","0","v40802","27.1","46","","","","0"
"1986","Saskatoon, Saskatchewan","","Total demolitions","Units","300","units ","0","v40804","29.1","55","","","","0"
"1986","Thunder Bay, Ontario","","Total demolitions","Units","300","units ","0","v40806","32.1","121","","","","0"
"1986","Toronto, Ontario","","Total demolitions","Units","300","units ","0","v40807","33.1","990","","","","0"
"1986","Trois-Rivières, Quebec","","Total demolitions","Units","300","units ","0","v40814","34.1","51","","","","0"
"1986","Vancouver, British Columbia","","Total demolitions","Units","300","units ","0","v40809","35.1","1976","","","","0"
"1986","Victoria, British Columbia","","Total demolitions","Units","300","units ","0","v40810","36.1","137","","","","0"
"1986","Windsor, Ontario","","Total demolitions","Units","300","units ","0","v40811","37.1","97","","","","0"
"1986","Winnipeg, Manitoba","","Total demolitions","Units","300","units ","0","v40812","38.1","303","","","","0"
"1986","Large urban areas","","Total demolitions","Units","300","units ","0","v40823","39.1","481","","","","0"
"1986","Brantford, Ontario","","Total demolitions","Units","300","units ","0","v40835","42.1","39","","","","0"
"1986","Cape Breton, Nova Scotia","","Total demolitions","Units","300","units ","0","v40841","68.1","29","","","","0"
"1986","Cornwall, Ontario","","Total demolitions","Units","300","units ","0","v40857","45.1","7","","","","0"
"1986","Drummondville, Quebec","","Total demolitions","Units","300","units ","0","v40861","46.1","17","","","","0"
"1986","Guelph, Ontario","","Total demolitions","Units","300","units ","0","v40863","49.1","22","","","","0"
"1986","Kamloops, British Columbia","","Total demolitions","Units","300","units ","0","v40864","50.1","4","","","","0"
"1986","Kelowna, British Columbia","","Total demolitions","Units","300","units ","0","v40848","51.1","9","","","","0"
"1986","Kingston, Ontario","","Total demolitions","Units","300","units ","0","v40865","52.1","20","","","","0"
"1986","Lethbridge, Alberta","","Total demolitions","Units","300","units ","0","v40825","53.1","21","","","","0"
"1986","Moncton, New Brunswick","","Total demolitions","Units","300","units ","0","v40826","56.1","23","","","","0"
"1986","North Bay, Ontario","","Total demolitions","Units","300","units ","0","v40828","58.1","14","","","","0"
"1986","Peterborough, Ontario","","Total demolitions","Units","300","units ","0","v40830","59.1","24","","","","0"
"1986","Prince George, British Columbia","","Total demolitions","Units","300","units ","0","v40831","60.1","16","","","","0"
"1986","Saint-Jérôme, Quebec","","Total demolitions","Units","300","units ","0","v40834","63.1","20","","","","0"
"1986","Saint-Jean-sur-Richelieu, Quebec","","Total demolitions","Units","300","units ","0","v40833","64.1","7","","","","0"
"1986","Sarnia, Ontario","","Total demolitions","Units","300","units ","0","v40836","65.1","30","","","","0"
"1986","Sault Ste. Marie, Ontario","","Total demolitions","Units","300","units ","0","v40837","66.1","45","","","","0"
"1986","Shawinigan, Quebec","","Total demolitions","Units","300","units ","0","v40838","67.1","24","","","","0"
"1986","Sherbrooke, Quebec","","Total demolitions","Units","300","units ","0","v40839","75.1","83","","","","0"
"1986","Timmins, Ontario","","Total demolitions","Units","300","units ","0","v40843","78.1","21","","","","0"
"1986","Valleyfield, Quebec","","Total demolitions","Units","300","units ","0","v40845","80.1","6","","","","0"
"1987","Canada","","Total demolitions","Units","300","units ","0","v40785","1.1","9648","","","","0"
"1987","Newfoundland and Labrador","","Total demolitions","Units","300","units ","0","v40786","2.1","136","","","","0"
"1987","Prince Edward Island","","Total demolitions","Units","300","units ","0","v40788","3.1","1","","","","0"
"1987","Nova Scotia","","Total demolitions","Units","300","units ","0","v40789","4.1","147","","","","0"
"1987","New Brunswick","","Total demolitions","Units","300","units ","0","v40790","5.1","196","","","","0"
"1987","Quebec","","Total demolitions","Units","300","units ","0","v40791","6.1","1493","","","","0"
"1987","Ontario","","Total demolitions","Units","300","units ","0","v40792","7.1","3398","","","","0"
"1987","Manitoba","","Total demolitions","Units","300","units ","0","v40793","8.1","461","","","","0"
"1987","Saskatchewan","","Total demolitions","Units","300","units ","0","v40794","9.1","287","","","","0"
"1987","Alberta","","Total demolitions","Units","300","units ","0","v40795","10.1","675","","","","0"
"1987","British Columbia","","Total demolitions","Units","300","units ","0","v40787","11.1","2854","","","","0"
"1987","Census metropolitan areas","","Total demolitions","Units","300","units ","0","v40796","12.1","6706","","","","0"
"1987","Calgary, Alberta","","Total demolitions","Units","300","units ","0","v40797","13.1","182","","","","0"
"1987","Edmonton, Alberta","","Total demolitions","Units","300","units ","0","v40816","15.1","250","","","","0"
"1987","Greater Sudbury, Ontario","","Total demolitions","Units","300","units ","0","v40805","31.1","18","","","","0"
"1987","Halifax, Nova Scotia","","Total demolitions","Units","300","units ","0","v40817","16.1","70","","","","0"
"1987","Hamilton, Ontario","","Total demolitions","Units","300","units ","0","v40818","17.1","127","","","","0"
"1987","Kitchener, Ontario","","Total demolitions","Units","300","units ","0","v40820","19.1","122","","","","0"
"1987","London, Ontario","","Total demolitions","Units","300","units ","0","v40821","20.1","102","","","","0"
"1987","Montréal, Quebec","","Total demolitions","Units","300","units ","0","v40822","21.1","619","","","","0"
"1987","Oshawa, Ontario","","Total demolitions","Units","300","units ","0","v40813","22.1","36","","","","0"
"1987","Ottawa-Gatineau, Quebec part, Ontario/Quebec","","Total demolitions","Units","300","units ","0","v40819","18.1","17","","","","0"
"1987","Ottawa-Gatineau, Ontario part, Ontario/Quebec","","Total demolitions","Units","300","units ","0","v40798","23.1","280","","","","0"
"1987","Québec, Quebec","","Total demolitions","Units","300","units ","0","v40799","24.1","131","","","","0"
"1987","Regina, Saskatchewan","","Total demolitions","Units","300","units ","0","v40800","25.1","7","","","","0"
"1987","St. Catharines-Niagara, Ontario","","Total demolitions","Units","300","units ","0","v40801","26.1","117","","","","0"
"1987","St. John's, Newfoundland and Labrador","","Total demolitions","Units","300","units ","0","v40803","28.1","56","","","","0"
"1987","Saguenay, Quebec","","Total demolitions","Units","300","units ","0","v40808","14.1","18","","","","0"
"1987","Saint John, New Brunswick","","Total demolitions","Units","300","units ","0","v40802","27.1","81","","","","0"
"1987","Saskatoon, Saskatchewan","","Total demolitions","Units","300","units ","0","v40804","29.1","79","","","","0"
"1987","Sherbrooke, Quebec","","Total demolitions","Units","300","units ","0","v40815","30.1","11","","","","0"
"1987","Thunder Bay, Ontario","","Total demolitions","Units","300","units ","0","v40806","32.1","122","","","","0"
"1987","Toronto, Ontario","","Total demolitions","Units","300","units ","0","v40807","33.1","1223","","","","0"
"1987","Trois-Rivières, Quebec","","Total demolitions","Units","300","units ","0","v40814","34.1","34","","","","0"
"1987","Vancouver, British Columbia","","Total demolitions","Units","300","units ","0","v40809","35.1","2439","","","","0"
"1987","Victoria, British Columbia","","Total demolitions","Units","300","units ","0","v40810","36.1","145","","","","0"
"1987","Windsor, Ontario","","Total demolitions","Units","300","units ","0","v40811","37.1","94","","","","0"
"1987","Winnipeg, Manitoba","","Total demolitions","Units","300","units ","0","v40812","38.1","326","","","","0"
"1987","Large urban areas","","Total demolitions","Units","300","units ","0","v40823","39.1","618","","","","0"
"1987","Abbotsford-Mission, British Columbia","","Total demolitions","Units","300","units ","0","v40855","54.1","13","","","","0"
"1987","Barrie, Ontario","","Total demolitions","Units","300","units ","0","v40849","40.1","82","","","","0"
"1987","Belleville, Ontario","","Total demolitions","Units","300","units ","0","v40850","41.1","21","","","","0"
"1987","Brantford, Ontario","","Total demolitions","Units","300","units ","0","v40835","42.1","29","","","","0"
"1987","Cape Breton, Nova Scotia","","Total demolitions","Units","300","units ","0","v40841","68.1","0","","","","0"
"1987","Charlottetown, Prince Edward Island","","Total demolitions","Units","300","units ","0","v40851","43.1","0","","","","0"
"1987","Chilliwack, British Columbia","","Total demolitions","Units","300","units ","0","v40852","44.1","12","","","","0"
"1987","Cornwall, Ontario","","Total demolitions","Units","300","units ","0","v40857","45.1","3","","","","0"
"1987","Drummondville, Quebec","","Total demolitions","Units","300","units ","0","v40861","46.1","11","","","","0"
"1987","Fredericton, New Brunswick","","Total demolitions","Units","300","units ","0","v40853","47.1","9","","","","0"
"1987","Granby, Quebec","","Total demolitions","Units","300","units ","0","v40854","48.1","28","","","","0"
"1987","Guelph, Ontario","","Total demolitions","Units","300","units ","0","v40863","49.1","9","","","","0"
"1987","Kamloops, British Columbia","","Total demolitions","Units","300","units ","0","v40864","50.1","24","","","","0"
"1987","Kelowna, British Columbia","","Total demolitions","Units","300","units ","0","v40848","51.1","40","","","","0"
"1987","Kingston, Ontario","","Total demolitions","Units","300","units ","0","v40865","52.1","28","","","","0"
"1987","Lethbridge, Alberta","","Total demolitions","Units","300","units ","0","v40825","53.1","13","","","","0"
"1987","Medicine Hat, Alberta","","Total demolitions","Units","300","units ","0","v40856","55.1","20","","","","0"
"1987","Moncton, New Brunswick","","Total demolitions","Units","300","units ","0","v40826","56.1","51","","","","0"
"1987","Nanaimo, British Columbia","","Total demolitions","Units","300","units ","0","v40858","57.1","51","","","","0"
"1987","North Bay, Ontario","","Total demolitions","Units","300","units ","0","v40828","58.1","7","","","","0"
"1987","Peterborough, Ontario","","Total demolitions","Units","300","units ","0","v40830","59.1","23","","","","0"
"1987","Prince George, British Columbia","","Total demolitions","Units","300","units ","0","v40831","60.1","15","","","","0"
"1987","Red Deer, Alberta","","Total demolitions","Units","300","units ","0","v40859","61.1","0","","","","0"
"1987","Saint-Jérôme, Quebec","","Total demolitions","Units","300","units ","0","v40834","63.1","0","","","","0"
"1987","Saint-Jean-sur-Richelieu, Quebec","","Total demolitions","Units","300","units ","0","v40833","64.1","4","","","","0"
"1987","Sarnia, Ontario","","Total demolitions","Units","300","units ","0","v40836","65.1","93","","","","0"
"1987","Sault Ste. Marie, Ontario","","Total demolitions","Units","300","units ","0","v40837","66.1","24","","","","0"
"1987","Shawinigan, Quebec","","Total demolitions","Units","300","units ","0","v40838","67.1","8","","","","0"
"1988","Canada","","Total demolitions","Units","300","units ","0","v40785","1.1","10323","","","","0"
"1988","Newfoundland and Labrador","","Total demolitions","Units","300","units ","0","v40786","2.1","70","","","","0"
"1988","Prince Edward Island","","Total demolitions","Units","300","units ","0","v40788","3.1","6","","","","0"
"1988","Nova Scotia","","Total demolitions","Units","300","units ","0","v40789","4.1","231","","","","0"
"1988","New Brunswick","","Total demolitions","Units","300","units ","0","v40790","5.1","175","","","","0"
"1988","Quebec","","Total demolitions","Units","300","units ","0","v40791","6.1","1646","","","","0"
"1988","Ontario","","Total demolitions","Units","300","units ","0","v40792","7.1","3708","","","","0"
"1988","Manitoba","","Total demolitions","Units","300","units ","0","v40793","8.1","370","","","","0"
"1988","Saskatchewan","","Total demolitions","Units","300","units ","0","v40794","9.1","225","","","","0"
"1988","Alberta","","Total demolitions","Units","300","units ","0","v40795","10.1","469","","","","0"
"1988","British Columbia","","Total demolitions","Units","300","units ","0","v40787","11.1","3423","","","","0"
"1988","Census metropolitan areas","","Total demolitions","Units","300","units ","0","v40796","12.1","7418","","","","0"
"1988","Calgary, Alberta","","Total demolitions","Units","300","units ","0","v40797","13.1","141","","","","0"
"1988","Edmonton, Alberta","","Total demolitions","Units","300","units ","0","v40816","15.1","142","","","","0"
"1988","Greater Sudbury, Ontario","","Total demolitions","Units","300","units ","0","v40805","31.1","40","","","","0"
"1988","Halifax, Nova Scotia","","Total demolitions","Units","300","units ","0","v40817","16.1","87","","","","0"
"1988","Hamilton, Ontario","","Total demolitions","Units","300","units ","0","v40818","17.1","118","","","","0"
"1988","Kitchener, Ontario","","Total demolitions","Units","300","units ","0","v40820","19.1","85","","","","0"
"1988","London, Ontario","","Total demolitions","Units","300","units ","0","v40821","20.1","62","","","","0"
"1988","Montréal, Quebec","","Total demolitions","Units","300","units ","0","v40822","21.1","588","","","","0"
"1988","Oshawa, Ontario","","Total demolitions","Units","300","units ","0","v40813","22.1","91","","","","0"
"1988","Ottawa-Gatineau, Quebec part, Ontario/Quebec","","Total demolitions","Units","300","units ","0","v40819","18.1","36","","","","0"
"1988","Ottawa-Gatineau, Ontario part, Ontario/Quebec","","Total demolitions","Units","300","units ","0","v40798","23.1","212","","","","0"
"1988","Québec, Quebec","","Total demolitions","Units","300","units ","0","v40799","24.1","159","","","","0"
"1988","Regina, Saskatchewan","","Total demolitions","Units","300","units ","0","v40800","25.1","4","","","","0"
"1988","St. Catharines-Niagara, Ontario","","Total demolitions","Units","300","units ","0","v40801","26.1","107","","","","0"
"1988","St. John's, Newfoundland and Labrador","","Total demolitions","Units","300","units ","0","v40803","28.1","41","","","","0"
"1988","Saguenay, Quebec","","Total demolitions","Units","300","units ","0","v40808","14.1","20","","","","0"
"1988","Saint John, New Brunswick","","Total demolitions","Units","300","units ","0","v40802","27.1","80","","","","0"
"1988","Saskatoon, Saskatchewan","","Total demolitions","Units","300","units ","0","v40804","29.1","100","","","","0"
"1988","Sherbrooke, Quebec","","Total demolitions","Units","300","units ","0","v40815","30.1","50","","","","0"
"1988","Thunder Bay, Ontario","","Total demolitions","Units","300","units ","0","v40806","32.1","103","","","","0"
"1988","Toronto, Ontario","","Total demolitions","Units","300","units ","0","v40807","33.1","1580","","","","0"
"1988","Trois-Rivières, Quebec","","Total demolitions","Units","300","units ","0","v40814","34.1","52","","","","0"
"1988","Vancouver, British Columbia","","Total demolitions","Units","300","units ","0","v40809","35.1","2898","","","","0"
"1988","Victoria, British Columbia","","Total demolitions","Units","300","units ","0","v40810","36.1","284","","","","0"
"1988","Windsor, Ontario","","Total demolitions","Units","300","units ","0","v40811","37.1","88","","","","0"
"1988","Winnipeg, Manitoba","","Total demolitions","Units","300","units ","0","v40812","38.1","250","","","","0"
"1988","Large urban areas","","Total demolitions","Units","300","units ","0","v40823","39.1","559","","","","0"
"1988","Abbotsford-Mission, British Columbia","","Total demolitions","Units","300","units ","0","v40855","54.1","16","","","","0"
"1988","Barrie, Ontario","","Total demolitions","Units","300","units ","0","v40849","40.1","109","","","","0"
"1988","Belleville, Ontario","","Total demolitions","Units","300","units ","0","v40850","41.1","35","","","","0"
"1988","Brantford, Ontario","","Total demolitions","Units","300","units ","0","v40835","42.1","46","","","","0"
"1988","Cape Breton, Nova Scotia","","Total demolitions","Units","300","units ","0","v40841","68.1","8","","","","0"
"1988","Charlottetown, Prince Edward Island","","Total demolitions","Units","300","units ","0","v40851","43.1","0","","","","0"
"1988","Chilliwack, British Columbia","","Total demolitions","Units","300","units ","0","v40852","44.1","36","","","","0"
"1988","Cornwall, Ontario","","Total demolitions","Units","300","units ","0","v40857","45.1","2","","","","0"
"1988","Drummondville, Quebec","","Total demolitions","Units","300","units ","0","v40861","46.1","9","","","","0"
"1988","Fredericton, New Brunswick","","Total demolitions","Units","300","units ","0","v40853","47.1","13","","","","0"
"1988","Granby, Quebec","","Total demolitions","Units","300","units ","0","v40854","48.1","38","","","","0"
"1988","Guelph, Ontario","","Total demolitions","Units","300","units ","0","v40863","49.1","24","","","","0"
"1988","Kamloops, British Columbia","","Total demolitions","Units","300","units ","0","v40864","50.1","15","","","","0"
"1988","Kelowna, British Columbia","","Total demolitions","Units","300","units ","0","v40848","51.1","1","","","","0"
"1988","Kingston, Ontario","","Total demolitions","Units","300","units ","0","v40865","52.1","15","","","","0"
"1988","Lethbridge, Alberta","","Total demolitions","Units","300","units ","0","v40825","53.1","13","","","","0"
"1988","Medicine Hat, Alberta","","Total demolitions","Units","300","units ","0","v40856","55.1","16","","","","0"
"1988","Moncton, New Brunswick","","Total demolitions","Units","300","units ","0","v40826","56.1","15","","","","0"
"1988","Nanaimo, British Columbia","","Total demolitions","Units","300","units ","0","v40858","57.1","6","","","","0"
"1988","North Bay, Ontario","","Total demolitions","Units","300","units ","0","v40828","58.1","5","","","","0"
"1988","Peterborough, Ontario","","Total demolitions","Units","300","units ","0","v40830","59.1","16","","","","0"
"1988","Prince George, British Columbia","","Total demolitions","Units","300","units ","0","v40831","60.1","12","","","","0"
"1988","Red Deer, Alberta","","Total demolitions","Units","300","units ","0","v40859","61.1","5","","","","0"
"1988","Saint-Jérôme, Quebec","","Total demolitions","Units","300","units ","0","v40834","63.1","0","","","","0"
"1988","Saint-Jean-sur-Richelieu, Quebec","","Total demolitions","Units","300","units ","0","v40833","64.1","1","","","","0"
"1988","Sarnia, Ontario","","Total demolitions","Units","300","units ","0","v40836","65.1","65","","","","0"
"1988","Sault Ste. Marie, Ontario","","Total demolitions","Units","300","units ","0","v40837","66.1","17","","","","0"
"1988","Shawinigan, Quebec","","Total demolitions","Units","300","units ","0","v40838","67.1","21","","","","0"
"1989","Canada","","Total demolitions","Units","300","units ","0","v40785","1.1","11154","","","","0"
"1989","Newfoundland and Labrador","","Total demolitions","Units","300","units ","0","v40786","2.1","62","","","","0"
"1989","Prince Edward Island","","Total demolitions","Units","300","units ","0","v40788","3.1","10","","","","0"
"1989","Nova Scotia","","Total demolitions","Units","300","units ","0","v40789","4.1","200","","","","0"
"1989","New Brunswick","","Total demolitions","Units","300","units ","0","v40790","5.1","133","","","","0"
"1989","Quebec","","Total demolitions","Units","300","units ","0","v40791","6.1","2003","","","","0"
"1989","Ontario","","Total demolitions","Units","300","units ","0","v40792","7.1","3601","","","","0"
"1989","Manitoba","","Total demolitions","Units","300","units ","0","v40793","8.1","305","","","","0"
"1989","Saskatchewan","","Total demolitions","Units","300","units ","0","v40794","9.1","252","","","","0"
"1989","Alberta","","Total demolitions","Units","300","units ","0","v40795","10.1","582","","","","0"
"1989","British Columbia","","Total demolitions","Units","300","units ","0","v40787","11.1","4006","","","","0"
"1989","Census metropolitan areas","","Total demolitions","Units","300","units ","0","v40796","12.1","7658","","","","0"
"1989","Calgary, Alberta","","Total demolitions","Units","300","units ","0","v40797","13.1","201","","","","0"
"1989","Edmonton, Alberta","","Total demolitions","Units","300","units ","0","v40816","15.1","217","","","","0"
"1989","Greater Sudbury, Ontario","","Total demolitions","Units","300","units ","0","v40805","31.1","20","","","","0"
"1989","Halifax, Nova Scotia","","Total demolitions","Units","300","units ","0","v40817","16.1","70","","","","0"
"1989","Hamilton, Ontario","","Total demolitions","Units","300","units ","0","v40818","17.1","160","","","","0"
"1989","Kitchener, Ontario","","Total demolitions","Units","300","units ","0","v40820","19.1","86","","","","0"
"1989","London, Ontario","","Total demolitions","Units","300","units ","0","v40821","20.1","66","","","","0"
"1989","Montréal, Quebec","","Total demolitions","Units","300","units ","0","v40822","21.1","634","","","","0"
"1989","Oshawa, Ontario","","Total demolitions","Units","300","units ","0","v40813","22.1","79","","","","0"
"1989","Ottawa-Gatineau, Quebec part, Ontario/Quebec","","Total demolitions","Units","300","units ","0","v40819","18.1","37","","","","0"
"1989","Ottawa-Gatineau, Ontario part, Ontario/Quebec","","Total demolitions","Units","300","units ","0","v40798","23.1","265","","","","0"
"1989","Québec, Quebec","","Total demolitions","Units","300","units ","0","v40799","24.1","157","","","","0"
"1989","Regina, Saskatchewan","","Total demolitions","Units","300","units ","0","v40800","25.1","62","","","","0"
"1989","St. Catharines-Niagara, Ontario","","Total demolitions","Units","300","units ","0","v40801","26.1","120","","","","0"
"1989","St. John's, Newfoundland and Labrador","","Total demolitions","Units","300","units ","0","v40803","28.1","28","","","","0"
"1989","Saguenay, Quebec","","Total demolitions","Units","300","units ","0","v40808","14.1","51","","","","0"
"1989","Saint John, New Brunswick","","Total demolitions","Units","300","units ","0","v40802","27.1","27","","","","0"
"1989","Saskatoon, Saskatchewan","","Total demolitions","Units","300","units ","0","v40804","29.1","29","","","","0"
"1989","Sherbrooke, Quebec","","Total demolitions","Units","300","units ","0","v40815","30.1","54","","","","0"
"1989","Thunder Bay, Ontario","","Total demolitions","Units","300","units ","0","v40806","32.1","97","","","","0"
"1989","Toronto, Ontario","","Total demolitions","Units","300","units ","0","v40807","33.1","1287","","","","0"
"1989","Trois-Rivières, Quebec","","Total demolitions","Units","300","units ","0","v40814","34.1","39","","","","0"
"1989","Vancouver, British Columbia","","Total demolitions","Units","300","units ","0","v40809","35.1","3305","","","","0"
"1989","Victoria, British Columbia","","Total demolitions","Units","300","units ","0","v40810","36.1","280","","","","0"
"1989","Windsor, Ontario","","Total demolitions","Units","300","units ","0","v40811","37.1","125","","","","0"
"1989","Winnipeg, Manitoba","","Total demolitions","Units","300","units ","0","v40812","38.1","162","","","","0"
"1989","Large urban areas","","Total demolitions","Units","300","units ","0","v40823","39.1","631","","","","0"
"1989","Abbotsford-Mission, British Columbia","","Total demolitions","Units","300","units ","0","v40855","54.1","18","","","","0"
"1989","Barrie, Ontario","","Total demolitions","Units","300","units ","0","v40849","40.1","110","","","","0"
"1989","Belleville, Ontario","","Total demolitions","Units","300","units ","0","v40850","41.1","22","","","","0"
"1989","Brantford, Ontario","","Total demolitions","Units","300","units ","0","v40835","42.1","35","","","","0"
"1989","Cape Breton, Nova Scotia","","Total demolitions","Units","300","units ","0","v40841","68.1","9","","","","0"
"1989","Charlottetown, Prince Edward Island","","Total demolitions","Units","300","units ","0","v40851","43.1","4","","","","0"
"1989","Chilliwack, British Columbia","","Total demolitions","Units","300","units ","0","v40852","44.1","38","","","","0"
"1989","Cornwall, Ontario","","Total demolitions","Units","300","units ","0","v40857","45.1","0","","","","0"
"1989","Drummondville, Quebec","","Total demolitions","Units","300","units ","0","v40861","46.1","24","","","","0"
"1989","Fredericton, New Brunswick","","Total demolitions","Units","300","units ","0","v40853","47.1","15","","","","0"
"1989","Granby, Quebec","","Total demolitions","Units","300","units ","0","v40854","48.1","12","","","","0"
"1989","Guelph, Ontario","","Total demolitions","Units","300","units ","0","v40863","49.1","31","","","","0"
"1989","Kamloops, British Columbia","","Total demolitions","Units","300","units ","0","v40864","50.1","19","","","","0"
"1989","Kelowna, British Columbia","","Total demolitions","Units","300","units ","0","v40848","51.1","38","","","","0"
"1989","Kingston, Ontario","","Total demolitions","Units","300","units ","0","v40865","52.1","14","","","","0"
"1989","Lethbridge, Alberta","","Total demolitions","Units","300","units ","0","v40825","53.1","6","","","","0"
"1989","Medicine Hat, Alberta","","Total demolitions","Units","300","units ","0","v40856","55.1","8","","","","0"
"1989","Moncton, New Brunswick","","Total demolitions","Units","300","units ","0","v40826","56.1","20","","","","0"
"1989","Nanaimo, British Columbia","","Total demolitions","Units","300","units ","0","v40858","57.1","10","","","","0"
"1989","North Bay, Ontario","","Total demolitions","Units","300","units ","0","v40828","58.1","18","","","","0"
"1989","Peterborough, Ontario","","Total demolitions","Units","300","units ","0","v40830","59.1","18","","","","0"
"1989","Prince George, British Columbia","","Total demolitions","Units","300","units ","0","v40831","60.1","15","","","","0"
"1989","Red Deer, Alberta","","Total demolitions","Units","300","units ","0","v40859","61.1","0","","","","0"
"1989","Saint-Jérôme, Quebec","","Total demolitions","Units","300","units ","0","v40834","63.1","0","","","","0"
"1989","Saint-Jean-sur-Richelieu, Quebec","","Total demolitions","Units","300","units ","0","v40833","64.1","23","","","","0"
"1989","Sarnia, Ontario","","Total demolitions","Units","300","units ","0","v40836","65.1","41","","","","0"
"1989","Sault Ste. Marie, Ontario","","Total demolitions","Units","300","units ","0","v40837","66.1","57","","","","0"
"1989","Shawinigan, Quebec","","Total demolitions","Units","300","units ","0","v40838","67.1","26","","","","0"
"1990","Canada","","Total demolitions","Units","300","units ","0","v40785","1.1","11221","","","","0"
"1990","Newfoundland and Labrador","","Total demolitions","Units","300","units ","0","v40786","2.1","78","","","","0"
"1990","Prince Edward Island","","Total demolitions","Units","300","units ","0","v40788","3.1","9","","","","0"
"1990","Nova Scotia","","Total demolitions","Units","300","units ","0","v40789","4.1","187","","","","0"
"1990","New Brunswick","","Total demolitions","Units","300","units ","0","v40790","5.1","129","","","","0"
"1990","Quebec","","Total demolitions","Units","300","units ","0","v40791","6.1","2026","","","","0"
"1990","Ontario","","Total demolitions","Units","300","units ","0","v40792","7.1","4060","","","","0"
"1990","Manitoba","","Total demolitions","Units","300","units ","0","v40793","8.1","319","","","","0"
"1990","Saskatchewan","","Total demolitions","Units","300","units ","0","v40794","9.1","380","","","","0"
"1990","Alberta","","Total demolitions","Units","300","units ","0","v40795","10.1","664","","","","0"
"1990","British Columbia","","Total demolitions","Units","300","units ","0","v40787","11.1","3369","","","","0"
"1990","Census metropolitan areas","","Total demolitions","Units","300","units ","0","v40796","12.1","7469","","","","0"
"1990","Calgary, Alberta","","Total demolitions","Units","300","units ","0","v40797","13.1","190","","","","0"
"1990","Edmonton, Alberta","","Total demolitions","Units","300","units ","0","v40816","15.1","244","","","","0"
"1990","Greater Sudbury, Ontario","","Total demolitions","Units","300","units ","0","v40805","31.1","4","","","","0"
"1990","Halifax, Nova Scotia","","Total demolitions","Units","300","units ","0","v40817","16.1","47","","","","0"
"1990","Hamilton, Ontario","","Total demolitions","Units","300","units ","0","v40818","17.1","136","","","","0"
"1990","Kitchener, Ontario","","Total demolitions","Units","300","units ","0","v40820","19.1","73","","","","0"
"1990","London, Ontario","","Total demolitions","Units","300","units ","0","v40821","20.1","180","","","","0"
"1990","Montréal, Quebec","","Total demolitions","Units","300","units ","0","v40822","21.1","657","","","","0"
"1990","Oshawa, Ontario","","Total demolitions","Units","300","units ","0","v40813","22.1","66","","","","0"
"1990","Ottawa-Gatineau, Quebec part, Ontario/Quebec","","Total demolitions","Units","300","units ","0","v40819","18.1","57","","","","0"
"1990","Ottawa-Gatineau, Ontario part, Ontario/Quebec","","Total demolitions","Units","300","units ","0","v40798","23.1","328","","","","0"
"1990","Québec, Quebec","","Total demolitions","Units","300","units ","0","v40799","24.1","171","","","","0"
"1990","Regina, Saskatchewan","","Total demolitions","Units","300","units ","0","v40800","25.1","72","","","","0"
"1990","St. Catharines-Niagara, Ontario","","Total demolitions","Units","300","units ","0","v40801","26.1","107","","","","0"
"1990","St. John's, Newfoundland and Labrador","","Total demolitions","Units","300","units ","0","v40803","28.1","25","","","","0"
"1990","Saguenay, Quebec","","Total demolitions","Units","300","units ","0","v40808","14.1","48","","","","0"
"1990","Saint John, New Brunswick","","Total demolitions","Units","300","units ","0","v40802","27.1","24","","","","0"
"1990","Saskatoon, Saskatchewan","","Total demolitions","Units","300","units ","0","v40804","29.1","68","","","","0"
"1990","Sherbrooke, Quebec","","Total demolitions","Units","300","units ","0","v40815","30.1","22","","","","0"
"1990","Thunder Bay, Ontario","","Total demolitions","Units","300","units ","0","v40806","32.1","150","","","","0"
"1990","Toronto, Ontario","","Total demolitions","Units","300","units ","0","v40807","33.1","1620","","","","0"
"1990","Trois-Rivières, Quebec","","Total demolitions","Units","300","units ","0","v40814","34.1","42","","","","0"
"1990","Vancouver, British Columbia","","Total demolitions","Units","300","units ","0","v40809","35.1","2616","","","","0"
"1990","Victoria, British Columbia","","Total demolitions","Units","300","units ","0","v40810","36.1","286","","","","0"
"1990","Windsor, Ontario","","Total demolitions","Units","300","units ","0","v40811","37.1","90","","","","0"
"1990","Winnipeg, Manitoba","","Total demolitions","Units","300","units ","0","v40812","38.1","146","","","","0"
"1990","Large urban areas","","Total demolitions","Units","300","units ","0","v40823","39.1","666","","","","0"
"1990","Abbotsford-Mission, British Columbia","","Total demolitions","Units","300","units ","0","v40855","54.1","30","","","","0"
"1990","Barrie, Ontario","","Total demolitions","Units","300","units ","0","v40849","40.1","129","","","","0"
"1990","Belleville, Ontario","","Total demolitions","Units","300","units ","0","v40850","41.1","34","","","","0"
"1990","Brantford, Ontario","","Total demolitions","Units","300","units ","0","v40835","42.1","41","","","","0"
"1990","Cape Breton, Nova Scotia","","Total demolitions","Units","300","units ","0","v40841","68.1","18","","","","0"
"1990","Charlottetown, Prince Edward Island","","Total demolitions","Units","300","units ","0","v40851","43.1","7","","","","0"
"1990","Chilliwack, British Columbia","","Total demolitions","Units","300","units ","0","v40852","44.1","40","","","","0"
"1990","Cornwall, Ontario","","Total demolitions","Units","300","units ","0","v40857","45.1","4","","","","0"
"1990","Drummondville, Quebec","","Total demolitions","Units","300","units ","0","v40861","46.1","4","","","","0"
"1990","Fredericton, New Brunswick","","Total demolitions","Units","300","units ","0","v40853","47.1","32","","","","0"
"1990","Granby, Quebec","","Total demolitions","Units","300","units ","0","v40854","48.1","25","","","","0"
"1990","Guelph, Ontario","","Total demolitions","Units","300","units ","0","v40863","49.1","19","","","","0"
"1990","Kamloops, British Columbia","","Total demolitions","Units","300","units ","0","v40864","50.1","11","","","","0"
"1990","Kelowna, British Columbia","","Total demolitions","Units","300","units ","0","v40848","51.1","24","","","","0"
"1990","Kingston, Ontario","","Total demolitions","Units","300","units ","0","v40865","52.1","18","","","","0"
"1990","Lethbridge, Alberta","","Total demolitions","Units","300","units ","0","v40825","53.1","0","","","","0"
"1990","Medicine Hat, Alberta","","Total demolitions","Units","300","units ","0","v40856","55.1","14","","","","0"
"1990","Moncton, New Brunswick","","Total demolitions","Units","300","units ","0","v40826","56.1","1","","","","0"
"1990","Nanaimo, British Columbia","","Total demolitions","Units","300","units ","0","v40858","57.1","10","","","","0"
"1990","North Bay, Ontario","","Total demolitions","Units","300","units ","0","v40828","58.1","19","","","","0"
"1990","Peterborough, Ontario","","Total demolitions","Units","300","units ","0","v40830","59.1","18","","","","0"
"1990","Prince George, British Columbia","","Total demolitions","Units","300","units ","0","v40831","60.1","10","","","","0"
"1990","Red Deer, Alberta","","Total demolitions","Units","300","units ","0","v40859","61.1","0","","","","0"
"1990","Saint-Jérôme, Quebec","","Total demolitions","Units","300","units ","0","v40834","63.1","0","","","","0"
"1990","Saint-Jean-sur-Richelieu, Quebec","","Total demolitions","Units","300","units ","0","v40833","64.1","40","","","","0"
"1990","Sarnia, Ontario","","Total demolitions","Units","300","units ","0","v40836","65.1","20","","","","0"
"1990","Sault Ste. Marie, Ontario","","Total demolitions","Units","300","units ","0","v40837","66.1","1","","","","0"
"1990","Shawinigan, Quebec","","Total demolitions","Units","300","units ","0","v40838","67.1","97","","","","0"
"1991","Canada","","Total demolitions","Units","300","units ","0","v40785","1.1","9006","","","","0"
"1991","Newfoundland and Labrador","","Total demolitions","Units","300","units ","0","v40786","2.1","88","","","","0"
"1991","Prince Edward Island","","Total demolitions","Units","300","units ","0","v40788","3.1","15","","","","0"
"1991","Nova Scotia","","Total demolitions","Units","300","units ","0","v40789","4.1","208","","","","0"
"1991","New Brunswick","","Total demolitions","Units","300","units ","0","v40790","5.1","207","","","","0"
"1991","Quebec","","Total demolitions","Units","300","units ","0","v40791","6.1","1787","","","","0"
"1991","Ontario","","Total demolitions","Units","300","units ","0","v40792","7.1","2845","","","","0"
"1991","Manitoba","","Total demolitions","Units","300","units ","0","v40793","8.1","297","","","","0"
"1991","Saskatchewan","","Total demolitions","Units","300","units ","0","v40794","9.1","277","","","","0"
"1991","Alberta","","Total demolitions","Units","300","units ","0","v40795","10.1","461","","","","0"
"1991","British Columbia","","Total demolitions","Units","300","units ","0","v40787","11.1","2821","","","","0"
"1991","Census metropolitan areas","","Total demolitions","Units","300","units ","0","v40796","12.1","6019","","","","0"
"1991","Calgary, Alberta","","Total demolitions","Units","300","units ","0","v40797","13.1","110","","","","0"
"1991","Edmonton, Alberta","","Total demolitions","Units","300","units ","0","v40816","15.1","192","","","","0"
"1991","Greater Sudbury, Ontario","","Total demolitions","Units","300","units ","0","v40805","31.1","21","","","","0"
"1991","Halifax, Nova Scotia","","Total demolitions","Units","300","units ","0","v40817","16.1","47","","","","0"
"1991","Hamilton, Ontario","","Total demolitions","Units","300","units ","0","v40818","17.1","51","","","","0"
"1991","Kitchener, Ontario","","Total demolitions","Units","300","units ","0","v40820","19.1","43","","","","0"
"1991","London, Ontario","","Total demolitions","Units","300","units ","0","v40821","20.1","57","","","","0"
"1991","Montréal, Quebec","","Total demolitions","Units","300","units ","0","v40822","21.1","672","","","","0"
"1991","Oshawa, Ontario","","Total demolitions","Units","300","units ","0","v40813","22.1","33","","","","0"
"1991","Ottawa-Gatineau, Quebec part, Ontario/Quebec","","Total demolitions","Units","300","units ","0","v40819","18.1","68","","","","0"
"1991","Ottawa-Gatineau, Ontario part, Ontario/Quebec","","Total demolitions","Units","300","units ","0","v40798","23.1","464","","","","0"
"1991","Québec, Quebec","","Total demolitions","Units","300","units ","0","v40799","24.1","139","","","","0"
"1991","Regina, Saskatchewan","","Total demolitions","Units","300","units ","0","v40800","25.1","38","","","","0"
"1991","St. Catharines-Niagara, Ontario","","Total demolitions","Units","300","units ","0","v40801","26.1","83","","","","0"
"1991","St. John's, Newfoundland and Labrador","","Total demolitions","Units","300","units ","0","v40803","28.1","34","","","","0"
"1991","Saguenay, Quebec","","Total demolitions","Units","300","units ","0","v40808","14.1","55","","","","0"
"1991","Saint John, New Brunswick","","Total demolitions","Units","300","units ","0","v40802","27.1","82","","","","0"
"1991","Saskatoon, Saskatchewan","","Total demolitions","Units","300","units ","0","v40804","29.1","60","","","","0"
"1991","Sherbrooke, Quebec","","Total demolitions","Units","300","units ","0","v40815","30.1","39","","","","0"
"1991","Thunder Bay, Ontario","","Total demolitions","Units","300","units ","0","v40806","32.1","95","","","","0"
"1991","Toronto, Ontario","","Total demolitions","Units","300","units ","0","v40807","33.1","824","","","","0"
"1991","Trois-Rivières, Quebec","","Total demolitions","Units","300","units ","0","v40814","34.1","55","","","","0"
"1991","Vancouver, British Columbia","","Total demolitions","Units","300","units ","0","v40809","35.1","2269","","","","0"
"1991","Victoria, British Columbia","","Total demolitions","Units","300","units ","0","v40810","36.1","217","","","","0"
"1991","Windsor, Ontario","","Total demolitions","Units","300","units ","0","v40811","37.1","120","","","","0"
"1991","Winnipeg, Manitoba","","Total demolitions","Units","300","units ","0","v40812","38.1","151","","","","0"
"1991","Large urban areas","","Total demolitions","Units","300","units ","0","v40823","39.1","465","","","","0"
"1991","Abbotsford-Mission, British Columbia","","Total demolitions","Units","300","units ","0","v40855","54.1","25","","","","0"
"1991","Barrie, Ontario","","Total demolitions","Units","300","units ","0","v40849","40.1","39","","","","0"
"1991","Belleville, Ontario","","Total demolitions","Units","300","units ","0","v40850","41.1","22","","","","0"
"1991","Brantford, Ontario","","Total demolitions","Units","300","units ","0","v40835","42.1","20","","","","0"
"1991","Cape Breton, Nova Scotia","","Total demolitions","Units","300","units ","0","v40841","68.1","25","","","","0"
"1991","Charlottetown, Prince Edward Island","","Total demolitions","Units","300","units ","0","v40851","43.1","12","","","","0"
"1991","Chilliwack, British Columbia","","Total demolitions","Units","300","units ","0","v40852","44.1","49","","","","0"
"1991","Cornwall, Ontario","","Total demolitions","Units","300","units ","0","v40857","45.1","0","","","","0"
"1991","Drummondville, Quebec","","Total demolitions","Units","300","units ","0","v40861","46.1","5","","","","0"
"1991","Fredericton, New Brunswick","","Total demolitions","Units","300","units ","0","v40853","47.1","10","","","","0"
"1991","Granby, Quebec","","Total demolitions","Units","300","units ","0","v40854","48.1","17","","","","0"
"1991","Guelph, Ontario","","Total demolitions","Units","300","units ","0","v40863","49.1","27","","","","0"
"1991","Kamloops, British Columbia","","Total demolitions","Units","300","units ","0","v40864","50.1","16","","","","0"
"1991","Kelowna, British Columbia","","Total demolitions","Units","300","units ","0","v40848","51.1","2","","","","0"
"1991","Kingston, Ontario","","Total demolitions","Units","300","units ","0","v40865","52.1","21","","","","0"
"1991","Lethbridge, Alberta","","Total demolitions","Units","300","units ","0","v40825","53.1","0","","","","0"
"1991","Medicine Hat, Alberta","","Total demolitions","Units","300","units ","0","v40856","55.1","10","","","","0"
"1991","Moncton, New Brunswick","","Total demolitions","Units","300","units ","0","v40826","56.1","10","","","","0"
"1991","Nanaimo, British Columbia","","Total demolitions","Units","300","units ","0","v40858","57.1","18","","","","0"
"1991","North Bay, Ontario","","Total demolitions","Units","300","units ","0","v40828","58.1","24","","","","0"
"1991","Peterborough, Ontario","","Total demolitions","Units","300","units ","0","v40830","59.1","14","","","","0"
"1991","Prince George, British Columbia","","Total demolitions","Units","300","units ","0","v40831","60.1","23","","","","0"
"1991","Red Deer, Alberta","","Total demolitions","Units","300","units ","0","v40859","61.1","0","","","","0"
"1991","Saint-Jérôme, Quebec","","Total demolitions","Units","300","units ","0","v40834","63.1","0","","","","0"
"1991","Saint-Jean-sur-Richelieu, Quebec","","Total demolitions","Units","300","units ","0","v40833","64.1","8","","","","0"
"1991","Sarnia, Ontario","","Total demolitions","Units","300","units ","0","v40836","65.1","20","","","","0"
"1991","Sault Ste. Marie, Ontario","","Total demolitions","Units","300","units ","0","v40837","66.1","5","","","","0"
"1991","Shawinigan, Quebec","","Total demolitions","Units","300","units ","0","v40838","67.1","43","","","","0"
"1992","Canada","","Total demolitions","Units","300","units ","0","v40785","1.1","9879","","","","0"
"1992","Newfoundland and Labrador","","Total demolitions","Units","300","units ","0","v40786","2.1","75","","","","0"
"1992","Prince Edward Island","","Total demolitions","Units","300","units ","0","v40788","3.1","8","","","","0"
"1992","Nova Scotia","","Total demolitions","Units","300","units ","0","v40789","4.1","192","","","","0"
"1992","New Brunswick","","Total demolitions","Units","300","units ","0","v40790","5.1","202","","","","0"
"1992","Quebec","","Total demolitions","Units","300","units ","0","v40791","6.1","1786","","","","0"
"1992","Ontario","","Total demolitions","Units","300","units ","0","v40792","7.1","2747","","","","0"
"1992","Manitoba","","Total demolitions","Units","300","units ","0","v40793","8.1","305","","","","0"
"1992","Saskatchewan","","Total demolitions","Units","300","units ","0","v40794","9.1","204","","","","0"
"1992","Alberta","","Total demolitions","Units","300","units ","0","v40795","10.1","512","","","","0"
"1992","British Columbia","","Total demolitions","Units","300","units ","0","v40787","11.1","3848","","","","0"
"1992","Census metropolitan areas","","Total demolitions","Units","300","units ","0","v40796","12.1","6762","","","","0"
"1992","Calgary, Alberta","","Total demolitions","Units","300","units ","0","v40797","13.1","144","","","","0"
"1992","Edmonton, Alberta","","Total demolitions","Units","300","units ","0","v40816","15.1","222","","","","0"
"1992","Greater Sudbury, Ontario","","Total demolitions","Units","300","units ","0","v40805","31.1","56","","","","0"
"1992","Halifax, Nova Scotia","","Total demolitions","Units","300","units ","0","v40817","16.1","44","","","","0"
"1992","Hamilton, Ontario","","Total demolitions","Units","300","units ","0","v40818","17.1","72","","","","0"
"1992","Kitchener, Ontario","","Total demolitions","Units","300","units ","0","v40820","19.1","57","","","","0"
"1992","London, Ontario","","Total demolitions","Units","300","units ","0","v40821","20.1","106","","","","0"
"1992","Montréal, Quebec","","Total demolitions","Units","300","units ","0","v40822","21.1","513","","","","0"
"1992","Oshawa, Ontario","","Total demolitions","Units","300","units ","0","v40813","22.1","16","","","","0"
"1992","Ottawa-Gatineau, Quebec part, Ontario/Quebec","","Total demolitions","Units","300","units ","0","v40819","18.1","103","","","","0"
"1992","Ottawa-Gatineau, Ontario part, Ontario/Quebec","","Total demolitions","Units","300","units ","0","v40798","23.1","323","","","","0"
"1992","Québec, Quebec","","Total demolitions","Units","300","units ","0","v40799","24.1","148","","","","0"
"1992","Regina, Saskatchewan","","Total demolitions","Units","300","units ","0","v40800","25.1","49","","","","0"
"1992","St. Catharines-Niagara, Ontario","","Total demolitions","Units","300","units ","0","v40801","26.1","82","","","","0"
"1992","St. John's, Newfoundland and Labrador","","Total demolitions","Units","300","units ","0","v40803","28.1","49","","","","0"
"1992","Saguenay, Quebec","","Total demolitions","Units","300","units ","0","v40808","14.1","37","","","","0"
"1992","Saint John, New Brunswick","","Total demolitions","Units","300","units ","0","v40802","27.1","82","","","","0"
"1992","Saskatoon, Saskatchewan","","Total demolitions","Units","300","units ","0","v40804","29.1","30","","","","0"
"1992","Sherbrooke, Quebec","","Total demolitions","Units","300","units ","0","v40815","30.1","26","","","","0"
"1992","Thunder Bay, Ontario","","Total demolitions","Units","300","units ","0","v40806","32.1","73","","","","0"
"1992","Toronto, Ontario","","Total demolitions","Units","300","units ","0","v40807","33.1","815","","","","0"
"1992","Trois-Rivières, Quebec","","Total demolitions","Units","300","units ","0","v40814","34.1","42","","","","0"
"1992","Vancouver, British Columbia","","Total demolitions","Units","300","units ","0","v40809","35.1","3173","","","","0"
"1992","Victoria, British Columbia","","Total demolitions","Units","300","units ","0","v40810","36.1","268","","","","0"
"1992","Windsor, Ontario","","Total demolitions","Units","300","units ","0","v40811","37.1","97","","","","0"
"1992","Winnipeg, Manitoba","","Total demolitions","Units","300","units ","0","v40812","38.1","135","","","","0"
"1992","Large urban areas","","Total demolitions","Units","300","units ","0","v40823","39.1","574","","","","0"
"1992","Abbotsford-Mission, British Columbia","","Total demolitions","Units","300","units ","0","v40855","54.1","35","","","","0"
"1992","Barrie, Ontario","","Total demolitions","Units","300","units ","0","v40849","40.1","51","","","","0"
"1992","Belleville, Ontario","","Total demolitions","Units","300","units ","0","v40850","41.1","20","","","","0"
"1992","Brantford, Ontario","","Total demolitions","Units","300","units ","0","v40835","42.1","22","","","","0"
"1992","Cape Breton, Nova Scotia","","Total demolitions","Units","300","units ","0","v40841","68.1","23","","","","0"
"1992","Charlottetown, Prince Edward Island","","Total demolitions","Units","300","units ","0","v40851","43.1","1","","","","0"
"1992","Chilliwack, British Columbia","","Total demolitions","Units","300","units ","0","v40852","44.1","57","","","","0"
"1992","Cornwall, Ontario","","Total demolitions","Units","300","units ","0","v40857","45.1","2","","","","0"
"1992","Drummondville, Quebec","","Total demolitions","Units","300","units ","0","v40861","46.1","16","","","","0"
"1992","Fredericton, New Brunswick","","Total demolitions","Units","300","units ","0","v40853","47.1","17","","","","0"
"1992","Granby, Quebec","","Total demolitions","Units","300","units ","0","v40854","48.1","37","","","","0"
"1992","Guelph, Ontario","","Total demolitions","Units","300","units ","0","v40863","49.1","10","","","","0"
"1992","Kamloops, British Columbia","","Total demolitions","Units","300","units ","0","v40864","50.1","19","","","","0"
"1992","Kelowna, British Columbia","","Total demolitions","Units","300","units ","0","v40848","51.1","11","","","","0"
"1992","Kingston, Ontario","","Total demolitions","Units","300","units ","0","v40865","52.1","13","","","","0"
"1992","Lethbridge, Alberta","","Total demolitions","Units","300","units ","0","v40825","53.1","0","","","","0"
"1992","Medicine Hat, Alberta","","Total demolitions","Units","300","units ","0","v40856","55.1","20","","","","0"
"1992","Moncton, New Brunswick","","Total demolitions","Units","300","units ","0","v40826","56.1","52","","","","0"
"1992","Nanaimo, British Columbia","","Total demolitions","Units","300","units ","0","v40858","57.1","15","","","","0"
"1992","North Bay, Ontario","","Total demolitions","Units","300","units ","0","v40828","58.1","17","","","","0"
"1992","Peterborough, Ontario","","Total demolitions","Units","300","units ","0","v40830","59.1","4","","","","0"
"1992","Prince George, British Columbia","","Total demolitions","Units","300","units ","0","v40831","60.1","14","","","","0"
"1992","Red Deer, Alberta","","Total demolitions","Units","300","units ","0","v40859","61.1","0","","","","0"
"1992","Saint-Jérôme, Quebec","","Total demolitions","Units","300","units ","0","v40834","63.1","0","","","","0"
"1992","Saint-Jean-sur-Richelieu, Quebec","","Total demolitions","Units","300","units ","0","v40833","64.1","6","","","","0"
"1992","Sarnia, Ontario","","Total demolitions","Units","300","units ","0","v40836","65.1","23","","","","0"
"1992","Sault Ste. Marie, Ontario","","Total demolitions","Units","300","units ","0","v40837","66.1","3","","","","0"
"1992","Shawinigan, Quebec","","Total demolitions","Units","300","units ","0","v40838","67.1","86","","","","0"
"1993","Canada","","Total demolitions","Units","300","units ","0","v40785","1.1","9645","","","","0"
"1993","Newfoundland and Labrador","","Total demolitions","Units","300","units ","0","v40786","2.1","50","","","","0"
"1993","Prince Edward Island","","Total demolitions","Units","300","units ","0","v40788","3.1","16","","","","0"
"1993","Nova Scotia","","Total demolitions","Units","300","units ","0","v40789","4.1","175","","","","0"
"1993","New Brunswick","","Total demolitions","Units","300","units ","0","v40790","5.1","137","","","","0"
"1993","Quebec","","Total demolitions","Units","300","units ","0","v40791","6.1","1720","","","","0"
"1993","Ontario","","Total demolitions","Units","300","units ","0","v40792","7.1","2484","","","","0"
"1993","Manitoba","","Total demolitions","Units","300","units ","0","v40793","8.1","318","","","","0"
"1993","Saskatchewan","","Total demolitions","Units","300","units ","0","v40794","9.1","169","","","","0"
"1993","Alberta","","Total demolitions","Units","300","units ","0","v40795","10.1","540","","","","0"
"1993","British Columbia","","Total demolitions","Units","300","units ","0","v40787","11.1","4036","","","","0"
"1993","Census metropolitan areas","","Total demolitions","Units","300","units ","0","v40796","12.1","6696","","","","0"
"1993","Calgary, Alberta","","Total demolitions","Units","300","units ","0","v40797","13.1","141","","","","0"
"1993","Edmonton, Alberta","","Total demolitions","Units","300","units ","0","v40816","15.1","246","","","","0"
"1993","Greater Sudbury, Ontario","","Total demolitions","Units","300","units ","0","v40805","31.1","53","","","","0"
"1993","Halifax, Nova Scotia","","Total demolitions","Units","300","units ","0","v40817","16.1","34","","","","0"
"1993","Hamilton, Ontario","","Total demolitions","Units","300","units ","0","v40818","17.1","97","","","","0"
"1993","Kitchener, Ontario","","Total demolitions","Units","300","units ","0","v40820","19.1","40","","","","0"
"1993","London, Ontario","","Total demolitions","Units","300","units ","0","v40821","20.1","34","","","","0"
"1993","Montréal, Quebec","","Total demolitions","Units","300","units ","0","v40822","21.1","483","","","","0"
"1993","Oshawa, Ontario","","Total demolitions","Units","300","units ","0","v40813","22.1","36","","","","0"
"1993","Ottawa-Gatineau, Quebec part, Ontario/Quebec","","Total demolitions","Units","300","units ","0","v40819","18.1","59","","","","0"
"1993","Ottawa-Gatineau, Ontario part, Ontario/Quebec","","Total demolitions","Units","300","units ","0","v40798","23.1","174","","","","0"
"1993","Québec, Quebec","","Total demolitions","Units","300","units ","0","v40799","24.1","245","","","","0"
"1993","Regina, Saskatchewan","","Total demolitions","Units","300","units ","0","v40800","25.1","33","","","","0"
"1993","St. Catharines-Niagara, Ontario","","Total demolitions","Units","300","units ","0","v40801","26.1","78","","","","0"
"1993","St. John's, Newfoundland and Labrador","","Total demolitions","Units","300","units ","0","v40803","28.1","26","","","","0"
"1993","Saguenay, Quebec","","Total demolitions","Units","300","units ","0","v40808","14.1","19","","","","0"
"1993","Saint John, New Brunswick","","Total demolitions","Units","300","units ","0","v40802","27.1","37","","","","0"
"1993","Saskatoon, Saskatchewan","","Total demolitions","Units","300","units ","0","v40804","29.1","24","","","","0"
"1993","Sherbrooke, Quebec","","Total demolitions","Units","300","units ","0","v40815","30.1","24","","","","0"
"1993","Thunder Bay, Ontario","","Total demolitions","Units","300","units ","0","v40806","32.1","53","","","","0"
"1993","Toronto, Ontario","","Total demolitions","Units","300","units ","0","v40807","33.1","886","","","","0"
"1993","Trois-Rivières, Quebec","","Total demolitions","Units","300","units ","0","v40814","34.1","50","","","","0"
"1993","Vancouver, British Columbia","","Total demolitions","Units","300","units ","0","v40809","35.1","3415","","","","0"
"1993","Victoria, British Columbia","","Total demolitions","Units","300","units ","0","v40810","36.1","235","","","","0"
"1993","Windsor, Ontario","","Total demolitions","Units","300","units ","0","v40811","37.1","74","","","","0"
"1993","Winnipeg, Manitoba","","Total demolitions","Units","300","units ","0","v40812","38.1","100","","","","0"
"1993","Large urban areas","","Total demolitions","Units","300","units ","0","v40823","39.1","503","","","","0"
"1993","Abbotsford-Mission, British Columbia","","Total demolitions","Units","300","units ","0","v40855","54.1","39","","","","0"
"1993","Barrie, Ontario","","Total demolitions","Units","300","units ","0","v40849","40.1","46","","","","0"
"1993","Belleville, Ontario","","Total demolitions","Units","300","units ","0","v40850","41.1","27","","","","0"
"1993","Brantford, Ontario","","Total demolitions","Units","300","units ","0","v40835","42.1","15","","","","0"
"1993","Cape Breton, Nova Scotia","","Total demolitions","Units","300","units ","0","v40841","68.1","0","","","","0"
"1993","Charlottetown, Prince Edward Island","","Total demolitions","Units","300","units ","0","v40851","43.1","12","","","","0"
"1993","Chilliwack, British Columbia","","Total demolitions","Units","300","units ","0","v40852","44.1","61","","","","0"
"1993","Cornwall, Ontario","","Total demolitions","Units","300","units ","0","v40857","45.1","7","","","","0"
"1993","Drummondville, Quebec","","Total demolitions","Units","300","units ","0","v40861","46.1","24","","","","0"
"1993","Fredericton, New Brunswick","","Total demolitions","Units","300","units ","0","v40853","47.1","24","","","","0"
"1993","Granby, Quebec","","Total demolitions","Units","300","units ","0","v40854","48.1","10","","","","0"
"1993","Guelph, Ontario","","Total demolitions","Units","300","units ","0","v40863","49.1","14","","","","0"
"1993","Kamloops, British Columbia","","Total demolitions","Units","300","units ","0","v40864","50.1","13","","","","0"
"1993","Kelowna, British Columbia","","Total demolitions","Units","300","units ","0","v40848","51.1","0","","","","0"
"1993","Kingston, Ontario","","Total demolitions","Units","300","units ","0","v40865","52.1","17","","","","0"
"1993","Lethbridge, Alberta","","Total demolitions","Units","300","units ","0","v40825","53.1","0","","","","0"
"1993","Medicine Hat, Alberta","","Total demolitions","Units","300","units ","0","v40856","55.1","10","","","","0"
"1993","Moncton, New Brunswick","","Total demolitions","Units","300","units ","0","v40826","56.1","18","","","","0"
"1993","Nanaimo, British Columbia","","Total demolitions","Units","300","units ","0","v40858","57.1","30","","","","0"
"1993","North Bay, Ontario","","Total demolitions","Units","300","units ","0","v40828","58.1","23","","","","0"
"1993","Peterborough, Ontario","","Total demolitions","Units","300","units ","0","v40830","59.1","1","","","","0"
"1993","Prince George, British Columbia","","Total demolitions","Units","300","units ","0","v40831","60.1","12","","","","0"
"1993","Red Deer, Alberta","","Total demolitions","Units","300","units ","0","v40859","61.1","0","","","","0"
"1993","Sainte Hyacinthe, Quebec","","Total demolitions","Units","300","units ","0","v40860","62.1","11","","","","0"
"1993","Saint-Jérôme, Quebec","","Total demolitions","Units","300","units ","0","v40834","63.1","6","","","","0"
"1993","Saint-Jean-sur-Richelieu, Quebec","","Total demolitions","Units","300","units ","0","v40833","64.1","13","","","","0"
"1993","Sarnia, Ontario","","Total demolitions","Units","300","units ","0","v40836","65.1","17","","","","0"
"1993","Sault Ste. Marie, Ontario","","Total demolitions","Units","300","units ","0","v40837","66.1","5","","","","0"
"1993","Shawinigan, Quebec","","Total demolitions","Units","300","units ","0","v40838","67.1","48","","","","0"
"1994","Canada","","Total demolitions","Units","300","units ","0","v40785","1.1","10925","","","","0"
"1994","Newfoundland and Labrador","","Total demolitions","Units","300","units ","0","v40786","2.1","120","","","","0"
"1994","Prince Edward Island","","Total demolitions","Units","300","units ","0","v40788","3.1","14","","","","0"
"1994","Nova Scotia","","Total demolitions","Units","300","units ","0","v40789","4.1","173","","","","0"
"1994","New Brunswick","","Total demolitions","Units","300","units ","0","v40790","5.1","117","","","","0"
"1994","Quebec","","Total demolitions","Units","300","units ","0","v40791","6.1","1730","","","","0"
"1994","Ontario","","Total demolitions","Units","300","units ","0","v40792","7.1","2794","","","","0"
"1994","Manitoba","","Total demolitions","Units","300","units ","0","v40793","8.1","339","","","","0"
"1994","Saskatchewan","","Total demolitions","Units","300","units ","0","v40794","9.1","165","","","","0"
"1994","Alberta","","Total demolitions","Units","300","units ","0","v40795","10.1","472","","","","0"
"1994","British Columbia","","Total demolitions","Units","300","units ","0","v40787","11.1","5001","","","","0"
"1994","Census metropolitan areas","","Total demolitions","Units","300","units ","0","v40796","12.1","7777","","","","0"
"1994","Calgary, Alberta","","Total demolitions","Units","300","units ","0","v40797","13.1","158","","","","0"
"1994","Edmonton, Alberta","","Total demolitions","Units","300","units ","0","v40816","15.1","156","","","","0"
"1994","Greater Sudbury, Ontario","","Total demolitions","Units","300","units ","0","v40805","31.1","91","","","","0"
"1994","Halifax, Nova Scotia","","Total demolitions","Units","300","units ","0","v40817","16.1","29","","","","0"
"1994","Hamilton, Ontario","","Total demolitions","Units","300","units ","0","v40818","17.1","106","","","","0"
"1994","Kitchener, Ontario","","Total demolitions","Units","300","units ","0","v40820","19.1","40","","","","0"
"1994","London, Ontario","","Total demolitions","Units","300","units ","0","v40821","20.1","53","","","","0"
"1994","Montréal, Quebec","","Total demolitions","Units","300","units ","0","v40822","21.1","531","","","","0"
"1994","Oshawa, Ontario","","Total demolitions","Units","300","units ","0","v40813","22.1","26","","","","0"
"1994","Ottawa-Gatineau, Quebec part, Ontario/Quebec","","Total demolitions","Units","300","units ","0","v40819","18.1","59","","","","0"
"1994","Ottawa-Gatineau, Ontario part, Ontario/Quebec","","Total demolitions","Units","300","units ","0","v40798","23.1","127","","","","0"
"1994","Québec, Quebec","","Total demolitions","Units","300","units ","0","v40799","24.1","184","","","","0"
"1994","Regina, Saskatchewan","","Total demolitions","Units","300","units ","0","v40800","25.1","36","","","","0"
"1994","St. Catharines-Niagara, Ontario","","Total demolitions","Units","300","units ","0","v40801","26.1","75","","","","0"
"1994","St. John's, Newfoundland and Labrador","","Total demolitions","Units","300","units ","0","v40803","28.1","97","","","","0"
"1994","Saguenay, Quebec","","Total demolitions","Units","300","units ","0","v40808","14.1","54","","","","0"
"1994","Saint John, New Brunswick","","Total demolitions","Units","300","units ","0","v40802","27.1","13","","","","0"
"1994","Saskatoon, Saskatchewan","","Total demolitions","Units","300","units ","0","v40804","29.1","31","","","","0"
"1994","Sherbrooke, Quebec","","Total demolitions","Units","300","units ","0","v40815","30.1","25","","","","0"
"1994","Thunder Bay, Ontario","","Total demolitions","Units","300","units ","0","v40806","32.1","39","","","","0"
"1994","Toronto, Ontario","","Total demolitions","Units","300","units ","0","v40807","33.1","1093","","","","0"
"1994","Trois-Rivières, Quebec","","Total demolitions","Units","300","units ","0","v40814","34.1","28","","","","0"
"1994","Vancouver, British Columbia","","Total demolitions","Units","300","units ","0","v40809","35.1","4188","","","","0"
"1994","Victoria, British Columbia","","Total demolitions","Units","300","units ","0","v40810","36.1","265","","","","0"
"1994","Windsor, Ontario","","Total demolitions","Units","300","units ","0","v40811","37.1","105","","","","0"
"1994","Winnipeg, Manitoba","","Total demolitions","Units","300","units ","0","v40812","38.1","168","","","","0"
"1994","Large urban areas","","Total demolitions","Units","300","units ","0","v40823","39.1","554","","","","0"
"1994","Abbotsford-Mission, British Columbia","","Total demolitions","Units","300","units ","0","v40855","54.1","34","","","","0"
"1994","Barrie, Ontario","","Total demolitions","Units","300","units ","0","v40849","40.1","41","","","","0"
"1994","Belleville, Ontario","","Total demolitions","Units","300","units ","0","v40850","41.1","42","","","","0"
"1994","Brantford, Ontario","","Total demolitions","Units","300","units ","0","v40835","42.1","27","","","","0"
"1994","Cape Breton, Nova Scotia","","Total demolitions","Units","300","units ","0","v40841","68.1","0","","","","0"
"1994","Charlottetown, Prince Edward Island","","Total demolitions","Units","300","units ","0","v40851","43.1","7","","","","0"
"1994","Chilliwack, British Columbia","","Total demolitions","Units","300","units ","0","v40852","44.1","69","","","","0"
"1994","Cornwall, Ontario","","Total demolitions","Units","300","units ","0","v40857","45.1","10","","","","0"
"1994","Drummondville, Quebec","","Total demolitions","Units","300","units ","0","v40861","46.1","21","","","","0"
"1994","Fredericton, New Brunswick","","Total demolitions","Units","300","units ","0","v40853","47.1","18","","","","0"
"1994","Granby, Quebec","","Total demolitions","Units","300","units ","0","v40854","48.1","4","","","","0"
"1994","Guelph, Ontario","","Total demolitions","Units","300","units ","0","v40863","49.1","11","","","","0"
"1994","Kamloops, British Columbia","","Total demolitions","Units","300","units ","0","v40864","50.1","12","","","","0"
"1994","Kelowna, British Columbia","","Total demolitions","Units","300","units ","0","v40848","51.1","0","","","","0"
"1994","Kingston, Ontario","","Total demolitions","Units","300","units ","0","v40865","52.1","14","","","","0"
"1994","Lethbridge, Alberta","","Total demolitions","Units","300","units ","0","v40825","53.1","0","","","","0"
"1994","Medicine Hat, Alberta","","Total demolitions","Units","300","units ","0","v40856","55.1","12","","","","0"
"1994","Moncton, New Brunswick","","Total demolitions","Units","300","units ","0","v40826","56.1","20","","","","0"
"1994","Nanaimo, British Columbia","","Total demolitions","Units","300","units ","0","v40858","57.1","64","","","","0"
"1994","North Bay, Ontario","","Total demolitions","Units","300","units ","0","v40828","58.1","16","","","","0"
"1994","Peterborough, Ontario","","Total demolitions","Units","300","units ","0","v40830","59.1","16","","","","0"
"1994","Prince George, British Columbia","","Total demolitions","Units","300","units ","0","v40831","60.1","11","","","","0"
"1994","Red Deer, Alberta","","Total demolitions","Units","300","units ","0","v40859","61.1","0","","","","0"
"1994","Sainte Hyacinthe, Quebec","","Total demolitions","Units","300","units ","0","v40860","62.1","14","","","","0"
"1994","Saint-Jérôme, Quebec","","Total demolitions","Units","300","units ","0","v40834","63.1","4","","","","0"
"1994","Saint-Jean-sur-Richelieu, Quebec","","Total demolitions","Units","300","units ","0","v40833","64.1","20","","","","0"
"1994","Sarnia, Ontario","","Total demolitions","Units","300","units ","0","v40836","65.1","23","","","","0"
"1994","Sault Ste. Marie, Ontario","","Total demolitions","Units","300","units ","0","v40837","66.1","12","","","","0"
"1994","Shawinigan, Quebec","","Total demolitions","Units","300","units ","0","v40838","67.1","32","","","","0"
"1995","Canada","","Total demolitions","Units","300","units ","0","v40785","1.1","7409","","","","0"
"1995","Newfoundland and Labrador","","Total demolitions","Units","300","units ","0","v40786","2.1","67","","","","0"
"1995","Prince Edward Island","","Total demolitions","Units","300","units ","0","v40788","3.1","4","","","","0"
"1995","Nova Scotia","","Total demolitions","Units","300","units ","0","v40789","4.1","122","","","","0"
"1995","New Brunswick","","Total demolitions","Units","300","units ","0","v40790","5.1","97","","","","0"
"1995","Quebec","","Total demolitions","Units","300","units ","0","v40791","6.1","1499","","","","0"
"1995","Ontario","","Total demolitions","Units","300","units ","0","v40792","7.1","2144","","","","0"
"1995","Manitoba","","Total demolitions","Units","300","units ","0","v40793","8.1","236","","","","0"
"1995","Saskatchewan","","Total demolitions","Units","300","units ","0","v40794","9.1","165","","","","0"
"1995","Alberta","","Total demolitions","Units","300","units ","0","v40795","10.1","400","","","","0"
"1995","British Columbia","","Total demolitions","Units","300","units ","0","v40787","11.1","2675","","","","0"
"1995","Census metropolitan areas","","Total demolitions","Units","300","units ","0","v40796","12.1","4756","","","","0"
"1995","Calgary, Alberta","","Total demolitions","Units","300","units ","0","v40797","13.1","121","","","","0"
"1995","Edmonton, Alberta","","Total demolitions","Units","300","units ","0","v40816","15.1","107","","","","0"
"1995","Greater Sudbury, Ontario","","Total demolitions","Units","300","units ","0","v40805","31.1","49","","","","0"
"1995","Halifax, Nova Scotia","","Total demolitions","Units","300","units ","0","v40817","16.1","20","","","","0"
"1995","Hamilton, Ontario","","Total demolitions","Units","300","units ","0","v40818","17.1","73","","","","0"
"1995","Kitchener, Ontario","","Total demolitions","Units","300","units ","0","v40820","19.1","65","","","","0"
"1995","London, Ontario","","Total demolitions","Units","300","units ","0","v40821","20.1","70","","","","0"
"1995","Montréal, Quebec","","Total demolitions","Units","300","units ","0","v40822","21.1","414","","","","0"
"1995","Oshawa, Ontario","","Total demolitions","Units","300","units ","0","v40813","22.1","30","","","","0"
"1995","Ottawa-Gatineau, Quebec part, Ontario/Quebec","","Total demolitions","Units","300","units ","0","v40819","18.1","27","","","","0"
"1995","Ottawa-Gatineau, Ontario part, Ontario/Quebec","","Total demolitions","Units","300","units ","0","v40798","23.1","100","","","","0"
"1995","Québec, Quebec","","Total demolitions","Units","300","units ","0","v40799","24.1","210","","","","0"
"1995","Regina, Saskatchewan","","Total demolitions","Units","300","units ","0","v40800","25.1","28","","","","0"
"1995","St. Catharines-Niagara, Ontario","","Total demolitions","Units","300","units ","0","v40801","26.1","86","","","","0"
"1995","St. John's, Newfoundland and Labrador","","Total demolitions","Units","300","units ","0","v40803","28.1","37","","","","0"
"1995","Saguenay, Quebec","","Total demolitions","Units","300","units ","0","v40808","14.1","54","","","","0"
"1995","Saint John, New Brunswick","","Total demolitions","Units","300","units ","0","v40802","27.1","23","","","","0"
"1995","Saskatoon, Saskatchewan","","Total demolitions","Units","300","units ","0","v40804","29.1","54","","","","0"
"1995","Sherbrooke, Quebec","","Total demolitions","Units","300","units ","0","v40815","30.1","20","","","","0"
"1995","Thunder Bay, Ontario","","Total demolitions","Units","300","units ","0","v40806","32.1","32","","","","0"
"1995","Toronto, Ontario","","Total demolitions","Units","300","units ","0","v40807","33.1","661","","","","0"
"1995","Trois-Rivières, Quebec","","Total demolitions","Units","300","units ","0","v40814","34.1","35","","","","0"
"1995","Vancouver, British Columbia","","Total demolitions","Units","300","units ","0","v40809","35.1","2107","","","","0"
"1995","Victoria, British Columbia","","Total demolitions","Units","300","units ","0","v40810","36.1","156","","","","0"
"1995","Windsor, Ontario","","Total demolitions","Units","300","units ","0","v40811","37.1","92","","","","0"
"1995","Winnipeg, Manitoba","","Total demolitions","Units","300","units ","0","v40812","38.1","85","","","","0"
"1995","Large urban areas","","Total demolitions","Units","300","units ","0","v40823","39.1","436","","","","0"
"1995","Abbotsford-Mission, British Columbia","","Total demolitions","Units","300","units ","0","v40855","54.1","8","","","","0"
"1995","Barrie, Ontario","","Total demolitions","Units","300","units ","0","v40849","40.1","41","","","","0"
"1995","Belleville, Ontario","","Total demolitions","Units","300","units ","0","v40850","41.1","33","","","","0"
"1995","Brantford, Ontario","","Total demolitions","Units","300","units ","0","v40835","42.1","19","","","","0"
"1995","Cape Breton, Nova Scotia","","Total demolitions","Units","300","units ","0","v40841","68.1","0","","","","0"
"1995","Charlottetown, Prince Edward Island","","Total demolitions","Units","300","units ","0","v40851","43.1","1","","","","0"
"1995","Chilliwack, British Columbia","","Total demolitions","Units","300","units ","0","v40852","44.1","40","","","","0"
"1995","Cornwall, Ontario","","Total demolitions","Units","300","units ","0","v40857","45.1","16","","","","0"
"1995","Drummondville, Quebec","","Total demolitions","Units","300","units ","0","v40861","46.1","19","","","","0"
"1995","Fredericton, New Brunswick","","Total demolitions","Units","300","units ","0","v40853","47.1","17","","","","0"
"1995","Granby, Quebec","","Total demolitions","Units","300","units ","0","v40854","48.1","3","","","","0"
"1995","Guelph, Ontario","","Total demolitions","Units","300","units ","0","v40863","49.1","10","","","","0"
"1995","Kamloops, British Columbia","","Total demolitions","Units","300","units ","0","v40864","50.1","2","","","","0"
"1995","Kelowna, British Columbia","","Total demolitions","Units","300","units ","0","v40848","51.1","0","","","","0"
"1995","Kingston, Ontario","","Total demolitions","Units","300","units ","0","v40865","52.1","14","","","","0"
"1995","Lethbridge, Alberta","","Total demolitions","Units","300","units ","0","v40825","53.1","0","","","","0"
"1995","Medicine Hat, Alberta","","Total demolitions","Units","300","units ","0","v40856","55.1","33","","","","0"
"1995","Moncton, New Brunswick","","Total demolitions","Units","300","units ","0","v40826","56.1","23","","","","0"
"1995","Nanaimo, British Columbia","","Total demolitions","Units","300","units ","0","v40858","57.1","55","","","","0"
"1995","North Bay, Ontario","","Total demolitions","Units","300","units ","0","v40828","58.1","9","","","","0"
"1995","Peterborough, Ontario","","Total demolitions","Units","300","units ","0","v40830","59.1","14","","","","0"
"1995","Prince George, British Columbia","","Total demolitions","Units","300","units ","0","v40831","60.1","11","","","","0"
"1995","Red Deer, Alberta","","Total demolitions","Units","300","units ","0","v40859","61.1","0","","","","0"
"1995","Sainte Hyacinthe, Quebec","","Total demolitions","Units","300","units ","0","v40860","62.1","5","","","","0"
"1995","Saint-Jérôme, Quebec","","Total demolitions","Units","300","units ","0","v40834","63.1","13","","","","0"
"1995","Saint-Jean-sur-Richelieu, Quebec","","Total demolitions","Units","300","units ","0","v40833","64.1","12","","","","0"
"1995","Sarnia, Ontario","","Total demolitions","Units","300","units ","0","v40836","65.1","17","","","","0"
"1995","Sault Ste. Marie, Ontario","","Total demolitions","Units","300","units ","0","v40837","66.1","5","","","","0"
"1995","Shawinigan, Quebec","","Total demolitions","Units","300","units ","0","v40838","67.1","16","","","","0"
"1996","Canada","","Total demolitions","Units","300","units ","0","v40785","1.1","7144","","","","0"
"1996","Newfoundland and Labrador","","Total demolitions","Units","300","units ","0","v40786","2.1","62","","","","0"
"1996","Prince Edward Island","","Total demolitions","Units","300","units ","0","v40788","3.1","5","","","","0"
"1996","Nova Scotia","","Total demolitions","Units","300","units ","0","v40789","4.1","141","","","","0"
"1996","New Brunswick","","Total demolitions","Units","300","units ","0","v40790","5.1","93","","","","0"
"1996","Quebec","","Total demolitions","Units","300","units ","0","v40791","6.1","1610","","","","0"
"1996","Ontario","","Total demolitions","Units","300","units ","0","v40792","7.1","2182","","","","0"
"1996","Manitoba","","Total demolitions","Units","300","units ","0","v40793","8.1","176","","","","0"
"1996","Saskatchewan","","Total demolitions","Units","300","units ","0","v40794","9.1","156","","","","0"
"1996","Alberta","","Total demolitions","Units","300","units ","0","v40795","10.1","401","","","","0"
"1996","British Columbia","","Total demolitions","Units","300","units ","0","v40787","11.1","2318","","","","0"
"1996","Census metropolitan areas","","Total demolitions","Units","300","units ","0","v40796","12.1","4606","","","","0"
"1996","Calgary, Alberta","","Total demolitions","Units","300","units ","0","v40797","13.1","200","","","","0"
"1996","Edmonton, Alberta","","Total demolitions","Units","300","units ","0","v40816","15.1","104","","","","0"
"1996","Greater Sudbury, Ontario","","Total demolitions","Units","300","units ","0","v40805","31.1","44","","","","0"
"1996","Halifax, Nova Scotia","","Total demolitions","Units","300","units ","0","v40817","16.1","10","","","","0"
"1996","Hamilton, Ontario","","Total demolitions","Units","300","units ","0","v40818","17.1","71","","","","0"
"1996","Kitchener, Ontario","","Total demolitions","Units","300","units ","0","v40820","19.1","43","","","","0"
"1996","London, Ontario","","Total demolitions","Units","300","units ","0","v40821","20.1","33","","","","0"
"1996","Montréal, Quebec","","Total demolitions","Units","300","units ","0","v40822","21.1","367","","","","0"
"1996","Oshawa, Ontario","","Total demolitions","Units","300","units ","0","v40813","22.1","20","","","","0"
"1996","Ottawa-Gatineau, Quebec part, Ontario/Quebec","","Total demolitions","Units","300","units ","0","v40819","18.1","28","","","","0"
"1996","Ottawa-Gatineau, Ontario part, Ontario/Quebec","","Total demolitions","Units","300","units ","0","v40798","23.1","58","","","","0"
"1996","Québec, Quebec","","Total demolitions","Units","300","units ","0","v40799","24.1","97","","","","0"
"1996","Regina, Saskatchewan","","Total demolitions","Units","300","units ","0","v40800","25.1","37","","","","0"
"1996","St. Catharines-Niagara, Ontario","","Total demolitions","Units","300","units ","0","v40801","26.1","61","","","","0"
"1996","St. John's, Newfoundland and Labrador","","Total demolitions","Units","300","units ","0","v40803","28.1","32","","","","0"
"1996","Saguenay, Quebec","","Total demolitions","Units","300","units ","0","v40808","14.1","274","","","","0"
"1996","Saint John, New Brunswick","","Total demolitions","Units","300","units ","0","v40802","27.1","31","","","","0"
"1996","Saskatoon, Saskatchewan","","Total demolitions","Units","300","units ","0","v40804","29.1","34","","","","0"
"1996","Sherbrooke, Quebec","","Total demolitions","Units","300","units ","0","v40815","30.1","21","","","","0"
"1996","Thunder Bay, Ontario","","Total demolitions","Units","300","units ","0","v40806","32.1","144","","","","0"
"1996","Toronto, Ontario","","Total demolitions","Units","300","units ","0","v40807","33.1","737","","","","0"
"1996","Trois-Rivières, Quebec","","Total demolitions","Units","300","units ","0","v40814","34.1","24","","","","0"
"1996","Vancouver, British Columbia","","Total demolitions","Units","300","units ","0","v40809","35.1","1894","","","","0"
"1996","Victoria, British Columbia","","Total demolitions","Units","300","units ","0","v40810","36.1","104","","","","0"
"1996","Windsor, Ontario","","Total demolitions","Units","300","units ","0","v40811","37.1","71","","","","0"
"1996","Winnipeg, Manitoba","","Total demolitions","Units","300","units ","0","v40812","38.1","67","","","","0"
"1996","Large urban areas","","Total demolitions","Units","300","units ","0","v40823","39.1","359","","","","0"
"1996","Abbotsford-Mission, British Columbia","","Total demolitions","Units","300","units ","0","v40855","54.1","16","","","","0"
"1996","Barrie, Ontario","","Total demolitions","Units","300","units ","0","v40849","40.1","31","","","","0"
"1996","Belleville, Ontario","","Total demolitions","Units","300","units ","0","v40850","41.1","29","","","","0"
"1996","Brantford, Ontario","","Total demolitions","Units","300","units ","0","v40835","42.1","12","","","","0"
"1996","Cape Breton, Nova Scotia","","Total demolitions","Units","300","units ","0","v40841","68.1","0","","","","0"
"1996","Charlottetown, Prince Edward Island","","Total demolitions","Units","300","units ","0","v40851","43.1","1","","","","0"
"1996","Chilliwack, British Columbia","","Total demolitions","Units","300","units ","0","v40852","44.1","31","","","","0"
"1996","Cornwall, Ontario","","Total demolitions","Units","300","units ","0","v40857","45.1","7","","","","0"
"1996","Drummondville, Quebec","","Total demolitions","Units","300","units ","0","v40861","46.1","30","","","","0"
"1996","Fredericton, New Brunswick","","Total demolitions","Units","300","units ","0","v40853","47.1","8","","","","0"
"1996","Granby, Quebec","","Total demolitions","Units","300","units ","0","v40854","48.1","0","","","","0"
"1996","Guelph, Ontario","","Total demolitions","Units","300","units ","0","v40863","49.1","10","","","","0"
"1996","Kamloops, British Columbia","","Total demolitions","Units","300","units ","0","v40864","50.1","1","","","","0"
"1996","Kelowna, British Columbia","","Total demolitions","Units","300","units ","0","v40848","51.1","0","","","","0"
"1996","Kingston, Ontario","","Total demolitions","Units","300","units ","0","v40865","52.1","11","","","","0"
"1996","Lethbridge, Alberta","","Total demolitions","Units","300","units ","0","v40825","53.1","0","","","","0"
"1996","Medicine Hat, Alberta","","Total demolitions","Units","300","units ","0","v40856","55.1","12","","","","0"
"1996","Moncton, New Brunswick","","Total demolitions","Units","300","units ","0","v40826","56.1","17","","","","0"
"1996","Nanaimo, British Columbia","","Total demolitions","Units","300","units ","0","v40858","57.1","19","","","","0"
"1996","North Bay, Ontario","","Total demolitions","Units","300","units ","0","v40828","58.1","9","","","","0"
"1996","Peterborough, Ontario","","Total demolitions","Units","300","units ","0","v40830","59.1","17","","","","0"
"1996","Prince George, British Columbia","","Total demolitions","Units","300","units ","0","v40831","60.1","7","","","","0"
"1996","Red Deer, Alberta","","Total demolitions","Units","300","units ","0","v40859","61.1","0","","","","0"
"1996","Sainte Hyacinthe, Quebec","","Total demolitions","Units","300","units ","0","v40860","62.1","6","","","","0"
"1996","Saint-Jérôme, Quebec","","Total demolitions","Units","300","units ","0","v40834","63.1","13","","","","0"
"1996","Saint-Jean-sur-Richelieu, Quebec","","Total demolitions","Units","300","units ","0","v40833","64.1","38","","","","0"
"1996","Sarnia, Ontario","","Total demolitions","Units","300","units ","0","v40836","65.1","12","","","","0"
"1996","Sault Ste. Marie, Ontario","","Total demolitions","Units","300","units ","0","v40837","66.1","9","","","","0"
"1996","Shawinigan, Quebec","","Total demolitions","Units","300","units ","0","v40838","67.1","13","","","","0"
"1997","Canada","","Total demolitions","Units","300","units ","0","v40785","1.1","7498","","","","0"
"1997","Newfoundland and Labrador","","Total demolitions","Units","300","units ","0","v40786","2.1","69","","","","0"
"1997","Prince Edward Island","","Total demolitions","Units","300","units ","0","v40788","3.1","5","","","","0"
"1997","Nova Scotia","","Total demolitions","Units","300","units ","0","v40789","4.1","122","","","","0"
"1997","New Brunswick","","Total demolitions","Units","300","units ","0","v40790","5.1","112","","","","0"
"1997","Quebec","","Total demolitions","Units","300","units ","0","v40791","6.1","1355","","","","0"
"1997","Ontario","","Total demolitions","Units","300","units ","0","v40792","7.1","2360","","","","0"
"1997","Manitoba","","Total demolitions","Units","300","units ","0","v40793","8.1","248","","","","0"
"1997","Saskatchewan","","Total demolitions","Units","300","units ","0","v40794","9.1","179","","","","0"
"1997","Alberta","","Total demolitions","Units","300","units ","0","v40795","10.1","461","","","","0"
"1997","British Columbia","","Total demolitions","Units","300","units ","0","v40787","11.1","2587","","","","0"
"1997","Census metropolitan areas","","Total demolitions","Units","300","units ","0","v40796","12.1","4950","","","","0"
"1997","Calgary, Alberta","","Total demolitions","Units","300","units ","0","v40797","13.1","212","","","","0"
"1997","Edmonton, Alberta","","Total demolitions","Units","300","units ","0","v40816","15.1","147","","","","0"
"1997","Greater Sudbury, Ontario","","Total demolitions","Units","300","units ","0","v40805","31.1","38","","","","0"
"1997","Halifax, Nova Scotia","","Total demolitions","Units","300","units ","0","v40817","16.1","4","","","","0"
"1997","Hamilton, Ontario","","Total demolitions","Units","300","units ","0","v40818","17.1","72","","","","0"
"1997","Kitchener, Ontario","","Total demolitions","Units","300","units ","0","v40820","19.1","48","","","","0"
"1997","London, Ontario","","Total demolitions","Units","300","units ","0","v40821","20.1","47","","","","0"
"1997","Montréal, Quebec","","Total demolitions","Units","300","units ","0","v40822","21.1","434","","","","0"
"1997","Oshawa, Ontario","","Total demolitions","Units","300","units ","0","v40813","22.1","32","","","","0"
"1997","Ottawa-Gatineau, Quebec part, Ontario/Quebec","","Total demolitions","Units","300","units ","0","v40819","18.1","30","","","","0"
"1997","Ottawa-Gatineau, Ontario part, Ontario/Quebec","","Total demolitions","Units","300","units ","0","v40798","23.1","55","","","","0"
"1997","Québec, Quebec","","Total demolitions","Units","300","units ","0","v40799","24.1","101","","","","0"
"1997","Regina, Saskatchewan","","Total demolitions","Units","300","units ","0","v40800","25.1","33","","","","0"
"1997","St. Catharines-Niagara, Ontario","","Total demolitions","Units","300","units ","0","v40801","26.1","81","","","","0"
"1997","St. John's, Newfoundland and Labrador","","Total demolitions","Units","300","units ","0","v40803","28.1","29","","","","0"
"1997","Saguenay, Quebec","","Total demolitions","Units","300","units ","0","v40808","14.1","116","","","","0"
"1997","Saint John, New Brunswick","","Total demolitions","Units","300","units ","0","v40802","27.1","33","","","","0"
"1997","Saskatoon, Saskatchewan","","Total demolitions","Units","300","units ","0","v40804","29.1","53","","","","0"
"1997","Sherbrooke, Quebec","","Total demolitions","Units","300","units ","0","v40815","30.1","13","","","","0"
"1997","Thunder Bay, Ontario","","Total demolitions","Units","300","units ","0","v40806","32.1","36","","","","0"
"1997","Toronto, Ontario","","Total demolitions","Units","300","units ","0","v40807","33.1","882","","","","0"
"1997","Trois-Rivières, Quebec","","Total demolitions","Units","300","units ","0","v40814","34.1","32","","","","0"
"1997","Vancouver, British Columbia","","Total demolitions","Units","300","units ","0","v40809","35.1","2099","","","","0"
"1997","Victoria, British Columbia","","Total demolitions","Units","300","units ","0","v40810","36.1","136","","","","0"
"1997","Windsor, Ontario","","Total demolitions","Units","300","units ","0","v40811","37.1","62","","","","0"
"1997","Winnipeg, Manitoba","","Total demolitions","Units","300","units ","0","v40812","38.1","125","","","","0"
"1997","Large urban areas","","Total demolitions","Units","300","units ","0","v40823","39.1","330","","","","0"
"1997","Abbotsford-Mission, British Columbia","","Total demolitions","Units","300","units ","0","v40855","54.1","3","","","","0"
"1997","Barrie, Ontario","","Total demolitions","Units","300","units ","0","v40849","40.1","44","","","","0"
"1997","Belleville, Ontario","","Total demolitions","Units","300","units ","0","v40850","41.1","18","","","","0"
"1997","Brantford, Ontario","","Total demolitions","Units","300","units ","0","v40835","42.1","12","","","","0"
"1997","Cape Breton, Nova Scotia","","Total demolitions","Units","300","units ","0","v40841","68.1","0","","","","0"
"1997","Charlottetown, Prince Edward Island","","Total demolitions","Units","300","units ","0","v40851","43.1","1","","","","0"
"1997","Chilliwack, British Columbia","","Total demolitions","Units","300","units ","0","v40852","44.1","53","","","","0"
"1997","Cornwall, Ontario","","Total demolitions","Units","300","units ","0","v40857","45.1","3","","","","0"
"1997","Drummondville, Quebec","","Total demolitions","Units","300","units ","0","v40861","46.1","13","","","","0"
"1997","Fredericton, New Brunswick","","Total demolitions","Units","300","units ","0","v40853","47.1","19","","","","0"
"1997","Granby, Quebec","","Total demolitions","Units","300","units ","0","v40854","48.1","1","","","","0"
"1997","Guelph, Ontario","","Total demolitions","Units","300","units ","0","v40863","49.1","4","","","","0"
"1997","Kamloops, British Columbia","","Total demolitions","Units","300","units ","0","v40864","50.1","0","","","","0"
"1997","Kelowna, British Columbia","","Total demolitions","Units","300","units ","0","v40848","51.1","0","","","","0"
"1997","Kingston, Ontario","","Total demolitions","Units","300","units ","0","v40865","52.1","14","","","","0"
"1997","Lethbridge, Alberta","","Total demolitions","Units","300","units ","0","v40825","53.1","0","","","","0"
"1997","Medicine Hat, Alberta","","Total demolitions","Units","300","units ","0","v40856","55.1","16","","","","0"
"1997","Moncton, New Brunswick","","Total demolitions","Units","300","units ","0","v40826","56.1","18","","","","0"
"1997","Nanaimo, British Columbia","","Total demolitions","Units","300","units ","0","v40858","57.1","16","","","","0"
"1997","North Bay, Ontario","","Total demolitions","Units","300","units ","0","v40828","58.1","12","","","","0"
"1997","Peterborough, Ontario","","Total demolitions","Units","300","units ","0","v40830","59.1","8","","","","0"
"1997","Prince George, British Columbia","","Total demolitions","Units","300","units ","0","v40831","60.1","7","","","","0"
"1997","Red Deer, Alberta","","Total demolitions","Units","300","units ","0","v40859","61.1","0","","","","0"
"1997","Sainte Hyacinthe, Quebec","","Total demolitions","Units","300","units ","0","v40860","62.1","16","","","","0"
"1997","Saint-Jérôme, Quebec","","Total demolitions","Units","300","units ","0","v40834","63.1","6","","","","0"
"1997","Saint-Jean-sur-Richelieu, Quebec","","Total demolitions","Units","300","units ","0","v40833","64.1","5","","","","0"
"1997","Sarnia, Ontario","","Total demolitions","Units","300","units ","0","v40836","65.1","15","","","","0"
"1997","Sault Ste. Marie, Ontario","","Total demolitions","Units","300","units ","0","v40837","66.1","9","","","","0"
"1997","Shawinigan, Quebec","","Total demolitions","Units","300","units ","0","v40838","67.1","17","","","","0"
"1998","Canada","","Total demolitions","Units","300","units ","0","v40785","1.1","7547","","","","0"
"1998","Newfoundland and Labrador","","Total demolitions","Units","300","units ","0","v40786","2.1","54","","","","0"
"1998","Prince Edward Island","","Total demolitions","Units","300","units ","0","v40788","3.1","2","","","","0"
"1998","Nova Scotia","","Total demolitions","Units","300","units ","0","v40789","4.1","112","","","","0"
"1998","New Brunswick","","Total demolitions","Units","300","units ","0","v40790","5.1","86","","","","0"
"1998","Quebec","","Total demolitions","Units","300","units ","0","v40791","6.1","1564","","","","0"
"1998","Ontario","","Total demolitions","Units","300","units ","0","v40792","7.1","2702","","","","0"
"1998","Manitoba","","Total demolitions","Units","300","units ","0","v40793","8.1","352","","","","0"
"1998","Saskatchewan","","Total demolitions","Units","300","units ","0","v40794","9.1","173","","","","0"
"1998","Alberta","","Total demolitions","Units","300","units ","0","v40795","10.1","673","","","","0"
"1998","British Columbia","","Total demolitions","Units","300","units ","0","v40787","11.1","1829","","","","0"
"1998","Census metropolitan areas","","Total demolitions","Units","300","units ","0","v40796","12.1","4785","","","","0"
"1998","Calgary, Alberta","","Total demolitions","Units","300","units ","0","v40797","13.1","357","","","","0"
"1998","Edmonton, Alberta","","Total demolitions","Units","300","units ","0","v40816","15.1","205","","","","0"
"1998","Greater Sudbury, Ontario","","Total demolitions","Units","300","units ","0","v40805","31.1","100","","","","0"
"1998","Halifax, Nova Scotia","","Total demolitions","Units","300","units ","0","v40817","16.1","1","","","","0"
"1998","Hamilton, Ontario","","Total demolitions","Units","300","units ","0","v40818","17.1","80","","","","0"
"1998","Kitchener, Ontario","","Total demolitions","Units","300","units ","0","v40820","19.1","36","","","","0"
"1998","London, Ontario","","Total demolitions","Units","300","units ","0","v40821","20.1","45","","","","0"
"1998","Montréal, Quebec","","Total demolitions","Units","300","units ","0","v40822","21.1","495","","","","0"
"1998","Oshawa, Ontario","","Total demolitions","Units","300","units ","0","v40813","22.1","47","","","","0"
"1998","Ottawa-Gatineau, Quebec part, Ontario/Quebec","","Total demolitions","Units","300","units ","0","v40819","18.1","40","","","","0"
"1998","Ottawa-Gatineau, Ontario part, Ontario/Quebec","","Total demolitions","Units","300","units ","0","v40798","23.1","76","","","","0"
"1998","Québec, Quebec","","Total demolitions","Units","300","units ","0","v40799","24.1","90","","","","0"
"1998","Regina, Saskatchewan","","Total demolitions","Units","300","units ","0","v40800","25.1","47","","","","0"
"1998","St. Catharines-Niagara, Ontario","","Total demolitions","Units","300","units ","0","v40801","26.1","93","","","","0"
"1998","St. John's, Newfoundland and Labrador","","Total demolitions","Units","300","units ","0","v40803","28.1","31","","","","0"
"1998","Saguenay, Quebec","","Total demolitions","Units","300","units ","0","v40808","14.1","105","","","","0"
"1998","Saint John, New Brunswick","","Total demolitions","Units","300","units ","0","v40802","27.1","29","","","","0"
"1998","Saskatoon, Saskatchewan","","Total demolitions","Units","300","units ","0","v40804","29.1","30","","","","0"
"1998","Sherbrooke, Quebec","","Total demolitions","Units","300","units ","0","v40815","30.1","22","","","","0"
"1998","Thunder Bay, Ontario","","Total demolitions","Units","300","units ","0","v40806","32.1","33","","","","0"
"1998","Toronto, Ontario","","Total demolitions","Units","300","units ","0","v40807","33.1","1115","","","","0"
"1998","Trois-Rivières, Quebec","","Total demolitions","Units","300","units ","0","v40814","34.1","36","","","","0"
"1998","Vancouver, British Columbia","","Total demolitions","Units","300","units ","0","v40809","35.1","1350","","","","0"
"1998","Victoria, British Columbia","","Total demolitions","Units","300","units ","0","v40810","36.1","94","","","","0"
"1998","Windsor, Ontario","","Total demolitions","Units","300","units ","0","v40811","37.1","87","","","","0"
"1998","Winnipeg, Manitoba","","Total demolitions","Units","300","units ","0","v40812","38.1","141","","","","0"
"1998","Large urban areas","","Total demolitions","Units","300","units ","0","v40823","39.1","529","","","","0"
"1998","Abbotsford-Mission, British Columbia","","Total demolitions","Units","300","units ","0","v40855","54.1","11","","","","0"
"1998","Barrie, Ontario","","Total demolitions","Units","300","units ","0","v40849","40.1","63","","","","0"
"1998","Belleville, Ontario","","Total demolitions","Units","300","units ","0","v40850","41.1","41","","","","0"
"1998","Brantford, Ontario","","Total demolitions","Units","300","units ","0","v40835","42.1","15","","","","0"
"1998","Cape Breton, Nova Scotia","","Total demolitions","Units","300","units ","0","v40841","68.1","23","","","","0"
"1998","Charlottetown, Prince Edward Island","","Total demolitions","Units","300","units ","0","v40851","43.1","1","","","","0"
"1998","Chilliwack, British Columbia","","Total demolitions","Units","300","units ","0","v40852","44.1","62","","","","0"
"1998","Cornwall, Ontario","","Total demolitions","Units","300","units ","0","v40857","45.1","1","","","","0"
"1998","Drummondville, Quebec","","Total demolitions","Units","300","units ","0","v40861","46.1","8","","","","0"
"1998","Fredericton, New Brunswick","","Total demolitions","Units","300","units ","0","v40853","47.1","4","","","","0"
"1998","Granby, Quebec","","Total demolitions","Units","300","units ","0","v40854","48.1","4","","","","0"
"1998","Guelph, Ontario","","Total demolitions","Units","300","units ","0","v40863","49.1","10","","","","0"
"1998","Kamloops, British Columbia","","Total demolitions","Units","300","units ","0","v40864","50.1","0","","","","0"
"1998","Kelowna, British Columbia","","Total demolitions","Units","300","units ","0","v40848","51.1","46","","","","0"
"1998","Kingston, Ontario","","Total demolitions","Units","300","units ","0","v40865","52.1","11","","","","0"
"1998","Lethbridge, Alberta","","Total demolitions","Units","300","units ","0","v40825","53.1","0","","","","0"
"1998","Medicine Hat, Alberta","","Total demolitions","Units","300","units ","0","v40856","55.1","8","","","","0"
"1998","Moncton, New Brunswick","","Total demolitions","Units","300","units ","0","v40826","56.1","13","","","","0"
"1998","Nanaimo, British Columbia","","Total demolitions","Units","300","units ","0","v40858","57.1","10","","","","0"
"1998","North Bay, Ontario","","Total demolitions","Units","300","units ","0","v40828","58.1","9","","","","0"
"1998","Peterborough, Ontario","","Total demolitions","Units","300","units ","0","v40830","59.1","4","","","","0"
"1998","Prince George, British Columbia","","Total demolitions","Units","300","units ","0","v40831","60.1","7","","","","0"
"1998","Red Deer, Alberta","","Total demolitions","Units","300","units ","0","v40859","61.1","0","","","","0"
"1998","Sainte Hyacinthe, Quebec","","Total demolitions","Units","300","units ","0","v40860","62.1","18","","","","0"
"1998","Saint-Jérôme, Quebec","","Total demolitions","Units","300","units ","0","v40834","63.1","0","","","","0"
"1998","Saint-Jean-sur-Richelieu, Quebec","","Total demolitions","Units","300","units ","0","v40833","64.1","15","","","","0"
"1998","Sarnia, Ontario","","Total demolitions","Units","300","units ","0","v40836","65.1","26","","","","0"
"1998","Sault Ste. Marie, Ontario","","Total demolitions","Units","300","units ","0","v40837","66.1","5","","","","0"
"1998","Shawinigan, Quebec","","Total demolitions","Units","300","units ","0","v40838","67.1","13","","","","0"
"1999","Canada","","Total demolitions","Units","300","units ","0","v40785","1.1","7522","","","","0"
"1999","Newfoundland and Labrador","","Total demolitions","Units","300","units ","0","v40786","2.1","72","","","","0"
"1999","Prince Edward Island","","Total demolitions","Units","300","units ","0","v40788","3.1","2","","","","0"
"1999","Nova Scotia","","Total demolitions","Units","300","units ","0","v40789","4.1","165","","","","0"
"1999","New Brunswick","","Total demolitions","Units","300","units ","0","v40790","5.1","132","","","","0"
"1999","Quebec","","Total demolitions","Units","300","units ","0","v40791","6.1","1716","","","","0"
"1999","Ontario","","Total demolitions","Units","300","units ","0","v40792","7.1","2338","","","","0"
"1999","Manitoba","","Total demolitions","Units","300","units ","0","v40793","8.1","357","","","","0"
"1999","Saskatchewan","","Total demolitions","Units","300","units ","0","v40794","9.1","143","","","","0"
"1999","Alberta","","Total demolitions","Units","300","units ","0","v40795","10.1","607","","","","0"
"1999","British Columbia","","Total demolitions","Units","300","units ","0","v40787","11.1","1990","","","","0"
"1999","Census metropolitan areas","","Total demolitions","Units","300","units ","0","v40796","12.1","4741","","","","0"
"1999","Calgary, Alberta","","Total demolitions","Units","300","units ","0","v40797","13.1","280","","","","0"
"1999","Edmonton, Alberta","","Total demolitions","Units","300","units ","0","v40816","15.1","227","","","","0"
"1999","Greater Sudbury, Ontario","","Total demolitions","Units","300","units ","0","v40805","31.1","40","","","","0"
"1999","Halifax, Nova Scotia","","Total demolitions","Units","300","units ","0","v40817","16.1","27","","","","0"
"1999","Hamilton, Ontario","","Total demolitions","Units","300","units ","0","v40818","17.1","44","","","","0"
"1999","Kitchener, Ontario","","Total demolitions","Units","300","units ","0","v40820","19.1","34","","","","0"
"1999","London, Ontario","","Total demolitions","Units","300","units ","0","v40821","20.1","45","","","","0"
"1999","Montréal, Quebec","","Total demolitions","Units","300","units ","0","v40822","21.1","581","","","","0"
"1999","Oshawa, Ontario","","Total demolitions","Units","300","units ","0","v40813","22.1","35","","","","0"
"1999","Ottawa-Gatineau, Quebec part, Ontario/Quebec","","Total demolitions","Units","300","units ","0","v40819","18.1","34","","","","0"
"1999","Ottawa-Gatineau, Ontario part, Ontario/Quebec","","Total demolitions","Units","300","units ","0","v40798","23.1","84","","","","0"
"1999","Québec, Quebec","","Total demolitions","Units","300","units ","0","v40799","24.1","123","","","","0"
"1999","Regina, Saskatchewan","","Total demolitions","Units","300","units ","0","v40800","25.1","32","","","","0"
"1999","St. Catharines-Niagara, Ontario","","Total demolitions","Units","300","units ","0","v40801","26.1","89","","","","0"
"1999","St. John's, Newfoundland and Labrador","","Total demolitions","Units","300","units ","0","v40803","28.1","39","","","","0"
"1999","Saguenay, Quebec","","Total demolitions","Units","300","units ","0","v40808","14.1","66","","","","0"
"1999","Saint John, New Brunswick","","Total demolitions","Units","300","units ","0","v40802","27.1","34","","","","0"
"1999","Saskatoon, Saskatchewan","","Total demolitions","Units","300","units ","0","v40804","29.1","19","","","","0"
"1999","Sherbrooke, Quebec","","Total demolitions","Units","300","units ","0","v40815","30.1","21","","","","0"
"1999","Thunder Bay, Ontario","","Total demolitions","Units","300","units ","0","v40806","32.1","37","","","","0"
"1999","Toronto, Ontario","","Total demolitions","Units","300","units ","0","v40807","33.1","843","","","","0"
"1999","Trois-Rivières, Quebec","","Total demolitions","Units","300","units ","0","v40814","34.1","38","","","","0"
"1999","Vancouver, British Columbia","","Total demolitions","Units","300","units ","0","v40809","35.1","1525","","","","0"
"1999","Victoria, British Columbia","","Total demolitions","Units","300","units ","0","v40810","36.1","159","","","","0"
"1999","Windsor, Ontario","","Total demolitions","Units","300","units ","0","v40811","37.1","81","","","","0"
"1999","Winnipeg, Manitoba","","Total demolitions","Units","300","units ","0","v40812","38.1","204","","","","0"
"1999","Large urban areas","","Total demolitions","Units","300","units ","0","v40823","39.1","372","","","","0"
"1999","Abbotsford-Mission, British Columbia","","Total demolitions","Units","300","units ","0","v40855","54.1","11","","","","0"
"1999","Barrie, Ontario","","Total demolitions","Units","300","units ","0","v40849","40.1","43","","","","0"
"1999","Belleville, Ontario","","Total demolitions","Units","300","units ","0","v40850","41.1","18","","","","0"
"1999","Brantford, Ontario","","Total demolitions","Units","300","units ","0","v40835","42.1","10","","","","0"
"1999","Cape Breton, Nova Scotia","","Total demolitions","Units","300","units ","0","v40841","68.1","15","","","","0"
"1999","Charlottetown, Prince Edward Island","","Total demolitions","Units","300","units ","0","v40851","43.1","1","","","","0"
"1999","Chilliwack, British Columbia","","Total demolitions","Units","300","units ","0","v40852","44.1","17","","","","0"
"1999","Cornwall, Ontario","","Total demolitions","Units","300","units ","0","v40857","45.1","5","","","","0"
"1999","Drummondville, Quebec","","Total demolitions","Units","300","units ","0","v40861","46.1","29","","","","0"
"1999","Fredericton, New Brunswick","","Total demolitions","Units","300","units ","0","v40853","47.1","7","","","","0"
"1999","Granby, Quebec","","Total demolitions","Units","300","units ","0","v40854","48.1","11","","","","0"
"1999","Guelph, Ontario","","Total demolitions","Units","300","units ","0","v40863","49.1","11","","","","0"
"1999","Kamloops, British Columbia","","Total demolitions","Units","300","units ","0","v40864","50.1","0","","","","0"
"1999","Kelowna, British Columbia","","Total demolitions","Units","300","units ","0","v40848","51.1","45","","","","0"
"1999","Kingston, Ontario","","Total demolitions","Units","300","units ","0","v40865","52.1","10","","","","0"
"1999","Lethbridge, Alberta","","Total demolitions","Units","300","units ","0","v40825","53.1","1","","","","0"
"1999","Medicine Hat, Alberta","","Total demolitions","Units","300","units ","0","v40856","55.1","5","","","","0"
"1999","Moncton, New Brunswick","","Total demolitions","Units","300","units ","0","v40826","56.1","22","","","","0"
"1999","Nanaimo, British Columbia","","Total demolitions","Units","300","units ","0","v40858","57.1","25","","","","0"
"1999","North Bay, Ontario","","Total demolitions","Units","300","units ","0","v40828","58.1","5","","","","0"
"1999","Peterborough, Ontario","","Total demolitions","Units","300","units ","0","v40830","59.1","7","","","","0"
"1999","Prince George, British Columbia","","Total demolitions","Units","300","units ","0","v40831","60.1","5","","","","0"
"1999","Red Deer, Alberta","","Total demolitions","Units","300","units ","0","v40859","61.1","0","","","","0"
"1999","Sainte Hyacinthe, Quebec","","Total demolitions","Units","300","units ","0","v40860","62.1","5","","","","0"
"1999","Saint-Jérôme, Quebec","","Total demolitions","Units","300","units ","0","v40834","63.1","0","","","","0"
"1999","Saint-Jean-sur-Richelieu, Quebec","","Total demolitions","Units","300","units ","0","v40833","64.1","13","","","","0"
"1999","Sarnia, Ontario","","Total demolitions","Units","300","units ","0","v40836","65.1","21","","","","0"
"1999","Sault Ste. Marie, Ontario","","Total demolitions","Units","300","units ","0","v40837","66.1","11","","","","0"
"1999","Shawinigan, Quebec","","Total demolitions","Units","300","units ","0","v40838","67.1","19","","","","0"
